LocalObservationDateTime,EpochTime,WeatherText,WeatherIcon,HasPrecipitation,PrecipitationType,IsDayTime,Temperature.Metric.Value,Temperature.Metric.Unit,Temperature.Metric.UnitType,Temperature.Imperial.Value,Temperature.Imperial.Unit,Temperature.Imperial.UnitType,MobileLink,Link
2021-08-18T14:35:00+05:30,1629277500,Light fog,11,FALSE,NA,TRUE,27.2,C,17,81,F,18,http://www.accuweather.com/en/in/lucknow/206678/current-weather/206678?lang=en-us,http://www.accuweather.com/en/in/lucknow/206678/current-weather/206678?lang=en-us
2021-08-18T13:35:00+05:30,1629273900,Rain,18,TRUE,Rain,TRUE,30,C,17,86,F,18,http://www.accuweather.com/en/in/lucknow/206678/current-weather/206678?lang=en-us,http://www.accuweather.com/en/in/lucknow/206678/current-weather/206678?lang=en-us
2021-08-18T12:25:00+05:30,1629269700,Cloudy,7,FALSE,NA,TRUE,33.9,C,17,93,F,18,http://www.accuweather.com/en/in/lucknow/206678/current-weather/206678?lang=en-us,http://www.accuweather.com/en/in/lucknow/206678/current-weather/206678?lang=en-us
2021-08-18T11:26:00+05:30,1629266160,Cloudy,7,FALSE,NA,TRUE,33.9,C,17,93,F,18,http://www.accuweather.com/en/in/lucknow/206678/current-weather/206678?lang=en-us,http://www.accuweather.com/en/in/lucknow/206678/current-weather/206678?lang=en-us
2021-08-18T10:26:00+05:30,1629262560,Light fog,11,FALSE,NA,TRUE,32.8,C,17,91,F,18,http://www.accuweather.com/en/in/lucknow/206678/current-weather/206678?lang=en-us,http://www.accuweather.com/en/in/lucknow/206678/current-weather/206678?lang=en-us
2021-08-18T09:26:00+05:30,1629258960,Rain,18,TRUE,Rain,TRUE,32.2,C,17,90,F,18,http://www.accuweather.com/en/in/lucknow/206678/current-weather/206678?lang=en-us,http://www.accuweather.com/en/in/lucknow/206678/current-weather/206678?lang=en-us
2021-08-18T08:26:00+05:30,1629255360,Light fog,11,FALSE,NA,TRUE,31.1,C,17,88,F,18,http://www.accuweather.com/en/in/lucknow/206678/current-weather/206678?lang=en-us,http://www.accuweather.com/en/in/lucknow/206678/current-weather/206678?lang=en-us
2021-08-18T07:26:00+05:30,1629251760,Light fog,11,FALSE,NA,TRUE,28.9,C,17,84,F,18,http://www.accuweather.com/en/in/lucknow/206678/current-weather/206678?lang=en-us,http://www.accuweather.com/en/in/lucknow/206678/current-weather/206678?lang=en-us
2021-08-18T06:26:00+05:30,1629248160,Light fog,11,FALSE,NA,TRUE,27.2,C,17,81,F,18,http://www.accuweather.com/en/in/lucknow/206678/current-weather/206678?lang=en-us,http://www.accuweather.com/en/in/lucknow/206678/current-weather/206678?lang=en-us
2021-08-18T05:26:00+05:30,1629244560,Light fog,11,FALSE,NA,FALSE,27.2,C,17,81,F,18,http://www.accuweather.com/en/in/lucknow/206678/current-weather/206678?lang=en-us,http://www.accuweather.com/en/in/lucknow/206678/current-weather/206678?lang=en-us
2021-08-18T04:26:00+05:30,1629240960,Light fog,11,FALSE,NA,FALSE,27.2,C,17,81,F,18,http://www.accuweather.com/en/in/lucknow/206678/current-weather/206678?lang=en-us,http://www.accuweather.com/en/in/lucknow/206678/current-weather/206678?lang=en-us
2021-08-18T03:25:00+05:30,1629237300,Light fog,11,FALSE,NA,FALSE,27.8,C,17,82,F,18,http://www.accuweather.com/en/in/lucknow/206678/current-weather/206678?lang=en-us,http://www.accuweather.com/en/in/lucknow/206678/current-weather/206678?lang=en-us
2021-08-18T02:25:00+05:30,1629233700,Light fog,11,FALSE,NA,FALSE,27.8,C,17,82,F,18,http://www.accuweather.com/en/in/lucknow/206678/current-weather/206678?lang=en-us,http://www.accuweather.com/en/in/lucknow/206678/current-weather/206678?lang=en-us
2021-08-18T01:25:00+05:30,1629230100,Light fog,11,FALSE,NA,FALSE,27.8,C,17,82,F,18,http://www.accuweather.com/en/in/lucknow/206678/current-weather/206678?lang=en-us,http://www.accuweather.com/en/in/lucknow/206678/current-weather/206678?lang=en-us
2021-08-18T00:26:00+05:30,1629226560,Light fog,11,FALSE,NA,FALSE,28.9,C,17,84,F,18,http://www.accuweather.com/en/in/lucknow/206678/current-weather/206678?lang=en-us,http://www.accuweather.com/en/in/lucknow/206678/current-weather/206678?lang=en-us
2021-08-17T23:25:00+05:30,1629222900,Light fog,11,FALSE,NA,FALSE,28.9,C,17,84,F,18,http://www.accuweather.com/en/in/lucknow/206678/current-weather/206678?lang=en-us,http://www.accuweather.com/en/in/lucknow/206678/current-weather/206678?lang=en-us
2021-08-17T22:26:00+05:30,1629219360,Light fog,11,FALSE,NA,FALSE,28.9,C,17,84,F,18,http://www.accuweather.com/en/in/lucknow/206678/current-weather/206678?lang=en-us,http://www.accuweather.com/en/in/lucknow/206678/current-weather/206678?lang=en-us
2021-08-17T21:26:00+05:30,1629215760,Light fog,11,FALSE,NA,FALSE,28.9,C,17,84,F,18,http://www.accuweather.com/en/in/lucknow/206678/current-weather/206678?lang=en-us,http://www.accuweather.com/en/in/lucknow/206678/current-weather/206678?lang=en-us
2021-08-17T20:25:00+05:30,1629212100,Light fog,11,FALSE,NA,FALSE,30,C,17,86,F,18,http://www.accuweather.com/en/in/lucknow/206678/current-weather/206678?lang=en-us,http://www.accuweather.com/en/in/lucknow/206678/current-weather/206678?lang=en-us
2021-08-17T19:25:00+05:30,1629208500,Light fog,11,FALSE,NA,FALSE,30,C,17,86,F,18,http://www.accuweather.com/en/in/lucknow/206678/current-weather/206678?lang=en-us,http://www.accuweather.com/en/in/lucknow/206678/current-weather/206678?lang=en-us
2021-08-17T18:25:00+05:30,1629204900,Cloudy,7,FALSE,NA,TRUE,31.1,C,17,88,F,18,http://www.accuweather.com/en/in/lucknow/206678/current-weather/206678?lang=en-us,http://www.accuweather.com/en/in/lucknow/206678/current-weather/206678?lang=en-us
2021-08-17T17:25:00+05:30,1629201300,Partly sunny,3,FALSE,NA,TRUE,32.8,C,17,91,F,18,http://www.accuweather.com/en/in/lucknow/206678/current-weather/206678?lang=en-us,http://www.accuweather.com/en/in/lucknow/206678/current-weather/206678?lang=en-us
2021-08-17T16:25:00+05:30,1629197700,Partly sunny,3,FALSE,NA,TRUE,33.9,C,17,93,F,18,http://www.accuweather.com/en/in/lucknow/206678/current-weather/206678?lang=en-us,http://www.accuweather.com/en/in/lucknow/206678/current-weather/206678?lang=en-us
2021-08-17T15:25:00+05:30,1629194100,Partly sunny,3,FALSE,NA,TRUE,27.8,C,17,82,F,18,http://www.accuweather.com/en/in/lucknow/206678/current-weather/206678?lang=en-us,http://www.accuweather.com/en/in/lucknow/206678/current-weather/206678?lang=en-us
2021-08-19T14:26:00+05:30,1629363360,Mist,14,FALSE,NA,TRUE,30,C,17,86,F,18,http://www.accuweather.com/en/in/lucknow/206678/current-weather/206678?lang=en-us,http://www.accuweather.com/en/in/lucknow/206678/current-weather/206678?lang=en-us
2021-08-19T13:26:00+05:30,1629359760,Partly sunny,3,FALSE,NA,TRUE,32.8,C,17,91,F,18,http://www.accuweather.com/en/in/lucknow/206678/current-weather/206678?lang=en-us,http://www.accuweather.com/en/in/lucknow/206678/current-weather/206678?lang=en-us
2021-08-19T12:26:00+05:30,1629356160,Light fog,11,FALSE,NA,TRUE,32.8,C,17,91,F,18,http://www.accuweather.com/en/in/lucknow/206678/current-weather/206678?lang=en-us,http://www.accuweather.com/en/in/lucknow/206678/current-weather/206678?lang=en-us
2021-08-19T11:25:00+05:30,1629352500,Light fog,11,FALSE,NA,TRUE,31.1,C,17,88,F,18,http://www.accuweather.com/en/in/lucknow/206678/current-weather/206678?lang=en-us,http://www.accuweather.com/en/in/lucknow/206678/current-weather/206678?lang=en-us
2021-08-19T10:25:00+05:30,1629348900,Light fog,11,FALSE,NA,TRUE,31.1,C,17,88,F,18,http://www.accuweather.com/en/in/lucknow/206678/current-weather/206678?lang=en-us,http://www.accuweather.com/en/in/lucknow/206678/current-weather/206678?lang=en-us
2021-08-19T09:26:00+05:30,1629345360,Light fog,11,FALSE,NA,TRUE,28.9,C,17,84,F,18,http://www.accuweather.com/en/in/lucknow/206678/current-weather/206678?lang=en-us,http://www.accuweather.com/en/in/lucknow/206678/current-weather/206678?lang=en-us
2021-08-19T08:26:00+05:30,1629341760,Light fog,11,FALSE,NA,TRUE,28.9,C,17,84,F,18,http://www.accuweather.com/en/in/lucknow/206678/current-weather/206678?lang=en-us,http://www.accuweather.com/en/in/lucknow/206678/current-weather/206678?lang=en-us
2021-08-19T07:26:00+05:30,1629338160,Light fog,11,FALSE,NA,TRUE,28.9,C,17,84,F,18,http://www.accuweather.com/en/in/lucknow/206678/current-weather/206678?lang=en-us,http://www.accuweather.com/en/in/lucknow/206678/current-weather/206678?lang=en-us
2021-08-19T06:25:00+05:30,1629334500,Light fog,11,FALSE,NA,TRUE,27.8,C,17,82,F,18,http://www.accuweather.com/en/in/lucknow/206678/current-weather/206678?lang=en-us,http://www.accuweather.com/en/in/lucknow/206678/current-weather/206678?lang=en-us
2021-08-19T05:26:00+05:30,1629330960,Light fog,11,FALSE,NA,FALSE,27.8,C,17,82,F,18,http://www.accuweather.com/en/in/lucknow/206678/current-weather/206678?lang=en-us,http://www.accuweather.com/en/in/lucknow/206678/current-weather/206678?lang=en-us
2021-08-19T04:26:00+05:30,1629327360,Light fog,11,FALSE,NA,FALSE,27.8,C,17,82,F,18,http://www.accuweather.com/en/in/lucknow/206678/current-weather/206678?lang=en-us,http://www.accuweather.com/en/in/lucknow/206678/current-weather/206678?lang=en-us
2021-08-19T03:26:00+05:30,1629323760,Light fog,11,FALSE,NA,FALSE,28.9,C,17,84,F,18,http://www.accuweather.com/en/in/lucknow/206678/current-weather/206678?lang=en-us,http://www.accuweather.com/en/in/lucknow/206678/current-weather/206678?lang=en-us
2021-08-19T02:26:00+05:30,1629320160,Light fog,11,FALSE,NA,FALSE,28.9,C,17,84,F,18,http://www.accuweather.com/en/in/lucknow/206678/current-weather/206678?lang=en-us,http://www.accuweather.com/en/in/lucknow/206678/current-weather/206678?lang=en-us
2021-08-19T01:26:00+05:30,1629316560,Light fog,11,FALSE,NA,FALSE,28.9,C,17,84,F,18,http://www.accuweather.com/en/in/lucknow/206678/current-weather/206678?lang=en-us,http://www.accuweather.com/en/in/lucknow/206678/current-weather/206678?lang=en-us
2021-08-19T00:26:00+05:30,1629312960,Light fog,11,FALSE,NA,FALSE,28.9,C,17,84,F,18,http://www.accuweather.com/en/in/lucknow/206678/current-weather/206678?lang=en-us,http://www.accuweather.com/en/in/lucknow/206678/current-weather/206678?lang=en-us
2021-08-18T23:25:00+05:30,1629309300,Light fog,11,FALSE,NA,FALSE,28.9,C,17,84,F,18,http://www.accuweather.com/en/in/lucknow/206678/current-weather/206678?lang=en-us,http://www.accuweather.com/en/in/lucknow/206678/current-weather/206678?lang=en-us
2021-08-18T22:25:00+05:30,1629305700,Light fog,11,FALSE,NA,FALSE,28.9,C,17,84,F,18,http://www.accuweather.com/en/in/lucknow/206678/current-weather/206678?lang=en-us,http://www.accuweather.com/en/in/lucknow/206678/current-weather/206678?lang=en-us
2021-08-18T21:26:00+05:30,1629302160,Light fog,11,FALSE,NA,FALSE,30,C,17,86,F,18,http://www.accuweather.com/en/in/lucknow/206678/current-weather/206678?lang=en-us,http://www.accuweather.com/en/in/lucknow/206678/current-weather/206678?lang=en-us
2021-08-18T20:26:00+05:30,1629298560,Light fog,11,FALSE,NA,FALSE,30,C,17,86,F,18,http://www.accuweather.com/en/in/lucknow/206678/current-weather/206678?lang=en-us,http://www.accuweather.com/en/in/lucknow/206678/current-weather/206678?lang=en-us
2021-08-18T19:25:00+05:30,1629294900,Light fog,11,FALSE,NA,FALSE,30,C,17,86,F,18,http://www.accuweather.com/en/in/lucknow/206678/current-weather/206678?lang=en-us,http://www.accuweather.com/en/in/lucknow/206678/current-weather/206678?lang=en-us
2021-08-18T18:25:00+05:30,1629291300,Light fog,11,FALSE,NA,TRUE,31.1,C,17,88,F,18,http://www.accuweather.com/en/in/lucknow/206678/current-weather/206678?lang=en-us,http://www.accuweather.com/en/in/lucknow/206678/current-weather/206678?lang=en-us
2021-08-18T17:25:00+05:30,1629287700,Light fog,11,FALSE,NA,TRUE,31.1,C,17,88,F,18,http://www.accuweather.com/en/in/lucknow/206678/current-weather/206678?lang=en-us,http://www.accuweather.com/en/in/lucknow/206678/current-weather/206678?lang=en-us
2021-08-18T16:26:00+05:30,1629284160,Light fog,11,FALSE,NA,TRUE,31.1,C,17,88,F,18,http://www.accuweather.com/en/in/lucknow/206678/current-weather/206678?lang=en-us,http://www.accuweather.com/en/in/lucknow/206678/current-weather/206678?lang=en-us
2021-08-18T15:26:00+05:30,1629280560,Light fog,11,FALSE,NA,TRUE,27.8,C,17,82,F,18,http://www.accuweather.com/en/in/lucknow/206678/current-weather/206678?lang=en-us,http://www.accuweather.com/en/in/lucknow/206678/current-weather/206678?lang=en-us
"2021-08-20T14:25:00+05:30",1629449700,"Light fog",11,FALSE,NA,TRUE,32.2,C,17,90,F,18,"http://www.accuweather.com/en/in/lucknow/206678/current-weather/206678?lang=en-us","http://www.accuweather.com/en/in/lucknow/206678/current-weather/206678?lang=en-us"
"2021-08-20T13:25:00+05:30",1629446100,"Light fog",11,FALSE,NA,TRUE,32.2,C,17,90,F,18,"http://www.accuweather.com/en/in/lucknow/206678/current-weather/206678?lang=en-us","http://www.accuweather.com/en/in/lucknow/206678/current-weather/206678?lang=en-us"
"2021-08-20T12:25:00+05:30",1629442500,"Light fog",11,FALSE,NA,TRUE,31.1,C,17,88,F,18,"http://www.accuweather.com/en/in/lucknow/206678/current-weather/206678?lang=en-us","http://www.accuweather.com/en/in/lucknow/206678/current-weather/206678?lang=en-us"
"2021-08-20T11:25:00+05:30",1629438900,"Light fog",11,FALSE,NA,TRUE,30.0,C,17,86,F,18,"http://www.accuweather.com/en/in/lucknow/206678/current-weather/206678?lang=en-us","http://www.accuweather.com/en/in/lucknow/206678/current-weather/206678?lang=en-us"
"2021-08-20T10:25:00+05:30",1629435300,"Light fog",11,FALSE,NA,TRUE,28.9,C,17,84,F,18,"http://www.accuweather.com/en/in/lucknow/206678/current-weather/206678?lang=en-us","http://www.accuweather.com/en/in/lucknow/206678/current-weather/206678?lang=en-us"
"2021-08-20T09:25:00+05:30",1629431700,"Light fog",11,FALSE,NA,TRUE,27.8,C,17,82,F,18,"http://www.accuweather.com/en/in/lucknow/206678/current-weather/206678?lang=en-us","http://www.accuweather.com/en/in/lucknow/206678/current-weather/206678?lang=en-us"
"2021-08-20T08:25:00+05:30",1629428100,"Light fog",11,FALSE,NA,TRUE,27.8,C,17,82,F,18,"http://www.accuweather.com/en/in/lucknow/206678/current-weather/206678?lang=en-us","http://www.accuweather.com/en/in/lucknow/206678/current-weather/206678?lang=en-us"
"2021-08-20T07:25:00+05:30",1629424500,"Light fog",11,FALSE,NA,TRUE,27.2,C,17,81,F,18,"http://www.accuweather.com/en/in/lucknow/206678/current-weather/206678?lang=en-us","http://www.accuweather.com/en/in/lucknow/206678/current-weather/206678?lang=en-us"
"2021-08-20T06:26:00+05:30",1629420960,"Light fog",11,FALSE,NA,TRUE,27.2,C,17,81,F,18,"http://www.accuweather.com/en/in/lucknow/206678/current-weather/206678?lang=en-us","http://www.accuweather.com/en/in/lucknow/206678/current-weather/206678?lang=en-us"
"2021-08-20T05:25:00+05:30",1629417300,"Light fog",11,FALSE,NA,FALSE,27.2,C,17,81,F,18,"http://www.accuweather.com/en/in/lucknow/206678/current-weather/206678?lang=en-us","http://www.accuweather.com/en/in/lucknow/206678/current-weather/206678?lang=en-us"
"2021-08-20T04:25:00+05:30",1629413700,"Thundershower",15,TRUE,"Rain",FALSE,27.2,C,17,81,F,18,"http://www.accuweather.com/en/in/lucknow/206678/current-weather/206678?lang=en-us","http://www.accuweather.com/en/in/lucknow/206678/current-weather/206678?lang=en-us"
"2021-08-20T03:26:00+05:30",1629410160,"Light fog",11,FALSE,NA,FALSE,27.8,C,17,82,F,18,"http://www.accuweather.com/en/in/lucknow/206678/current-weather/206678?lang=en-us","http://www.accuweather.com/en/in/lucknow/206678/current-weather/206678?lang=en-us"
"2021-08-20T02:25:00+05:30",1629406500,"Light fog",11,FALSE,NA,FALSE,27.8,C,17,82,F,18,"http://www.accuweather.com/en/in/lucknow/206678/current-weather/206678?lang=en-us","http://www.accuweather.com/en/in/lucknow/206678/current-weather/206678?lang=en-us"
"2021-08-20T01:25:00+05:30",1629402900,"Light fog",11,FALSE,NA,FALSE,27.8,C,17,82,F,18,"http://www.accuweather.com/en/in/lucknow/206678/current-weather/206678?lang=en-us","http://www.accuweather.com/en/in/lucknow/206678/current-weather/206678?lang=en-us"
"2021-08-20T00:26:00+05:30",1629399360,"Thunderstorm",15,TRUE,"Rain",FALSE,27.8,C,17,82,F,18,"http://www.accuweather.com/en/in/lucknow/206678/current-weather/206678?lang=en-us","http://www.accuweather.com/en/in/lucknow/206678/current-weather/206678?lang=en-us"
"2021-08-19T23:25:00+05:30",1629395700,"Light fog",11,FALSE,NA,FALSE,27.8,C,17,82,F,18,"http://www.accuweather.com/en/in/lucknow/206678/current-weather/206678?lang=en-us","http://www.accuweather.com/en/in/lucknow/206678/current-weather/206678?lang=en-us"
"2021-08-19T22:25:00+05:30",1629392100,"Light fog",11,FALSE,NA,FALSE,27.8,C,17,82,F,18,"http://www.accuweather.com/en/in/lucknow/206678/current-weather/206678?lang=en-us","http://www.accuweather.com/en/in/lucknow/206678/current-weather/206678?lang=en-us"
"2021-08-19T21:25:00+05:30",1629388500,"Light fog",11,FALSE,NA,FALSE,27.8,C,17,82,F,18,"http://www.accuweather.com/en/in/lucknow/206678/current-weather/206678?lang=en-us","http://www.accuweather.com/en/in/lucknow/206678/current-weather/206678?lang=en-us"
"2021-08-19T20:25:00+05:30",1629384900,"Light fog",11,FALSE,NA,FALSE,27.2,C,17,81,F,18,"http://www.accuweather.com/en/in/lucknow/206678/current-weather/206678?lang=en-us","http://www.accuweather.com/en/in/lucknow/206678/current-weather/206678?lang=en-us"
"2021-08-19T19:25:00+05:30",1629381300,"Light fog",11,FALSE,NA,FALSE,27.2,C,17,81,F,18,"http://www.accuweather.com/en/in/lucknow/206678/current-weather/206678?lang=en-us","http://www.accuweather.com/en/in/lucknow/206678/current-weather/206678?lang=en-us"
"2021-08-19T18:25:00+05:30",1629377700,"Thunderstorm",17,TRUE,"Rain",TRUE,27.8,C,17,82,F,18,"http://www.accuweather.com/en/in/lucknow/206678/current-weather/206678?lang=en-us","http://www.accuweather.com/en/in/lucknow/206678/current-weather/206678?lang=en-us"
"2021-08-19T17:25:00+05:30",1629374100,"Light fog",11,FALSE,NA,TRUE,27.8,C,17,82,F,18,"http://www.accuweather.com/en/in/lucknow/206678/current-weather/206678?lang=en-us","http://www.accuweather.com/en/in/lucknow/206678/current-weather/206678?lang=en-us"
"2021-08-19T16:35:00+05:30",1629371100,"Light fog",11,FALSE,NA,TRUE,28.9,C,17,84,F,18,"http://www.accuweather.com/en/in/lucknow/206678/current-weather/206678?lang=en-us","http://www.accuweather.com/en/in/lucknow/206678/current-weather/206678?lang=en-us"
"2021-08-19T15:26:00+05:30",1629366960,"Light fog",11,FALSE,NA,TRUE,31.1,C,17,88,F,18,"http://www.accuweather.com/en/in/lucknow/206678/current-weather/206678?lang=en-us","http://www.accuweather.com/en/in/lucknow/206678/current-weather/206678?lang=en-us"
"2021-08-21T17:25:00+05:30",1629546900,"Cloudy", 7,FALSE,NA,TRUE,31.1,C,17,88,F,18,"http://www.accuweather.com/en/in/lucknow/206678/current-weather/206678?lang=en-us","http://www.accuweather.com/en/in/lucknow/206678/current-weather/206678?lang=en-us"
"2021-08-21T16:25:00+05:30",1629543300,"Cloudy", 7,FALSE,NA,TRUE,31.1,C,17,88,F,18,"http://www.accuweather.com/en/in/lucknow/206678/current-weather/206678?lang=en-us","http://www.accuweather.com/en/in/lucknow/206678/current-weather/206678?lang=en-us"
"2021-08-21T15:25:00+05:30",1629539700,"Cloudy", 7,FALSE,NA,TRUE,32.2,C,17,90,F,18,"http://www.accuweather.com/en/in/lucknow/206678/current-weather/206678?lang=en-us","http://www.accuweather.com/en/in/lucknow/206678/current-weather/206678?lang=en-us"
"2021-08-21T14:26:00+05:30",1629536160,"Light fog",11,FALSE,NA,TRUE,32.2,C,17,90,F,18,"http://www.accuweather.com/en/in/lucknow/206678/current-weather/206678?lang=en-us","http://www.accuweather.com/en/in/lucknow/206678/current-weather/206678?lang=en-us"
"2021-08-21T13:26:00+05:30",1629532560,"Light fog",11,FALSE,NA,TRUE,31.1,C,17,88,F,18,"http://www.accuweather.com/en/in/lucknow/206678/current-weather/206678?lang=en-us","http://www.accuweather.com/en/in/lucknow/206678/current-weather/206678?lang=en-us"
"2021-08-21T12:25:00+05:30",1629528900,"Light fog",11,FALSE,NA,TRUE,30.0,C,17,86,F,18,"http://www.accuweather.com/en/in/lucknow/206678/current-weather/206678?lang=en-us","http://www.accuweather.com/en/in/lucknow/206678/current-weather/206678?lang=en-us"
"2021-08-21T11:25:00+05:30",1629525300,"Light fog",11,FALSE,NA,TRUE,27.8,C,17,82,F,18,"http://www.accuweather.com/en/in/lucknow/206678/current-weather/206678?lang=en-us","http://www.accuweather.com/en/in/lucknow/206678/current-weather/206678?lang=en-us"
"2021-08-21T10:25:00+05:30",1629521700,"Light fog",11,FALSE,NA,TRUE,27.8,C,17,82,F,18,"http://www.accuweather.com/en/in/lucknow/206678/current-weather/206678?lang=en-us","http://www.accuweather.com/en/in/lucknow/206678/current-weather/206678?lang=en-us"
"2021-08-21T09:25:00+05:30",1629518100,"Light fog",11,FALSE,NA,TRUE,27.2,C,17,81,F,18,"http://www.accuweather.com/en/in/lucknow/206678/current-weather/206678?lang=en-us","http://www.accuweather.com/en/in/lucknow/206678/current-weather/206678?lang=en-us"
"2021-08-21T08:25:00+05:30",1629514500,"Light fog",11,FALSE,NA,TRUE,26.1,C,17,79,F,18,"http://www.accuweather.com/en/in/lucknow/206678/current-weather/206678?lang=en-us","http://www.accuweather.com/en/in/lucknow/206678/current-weather/206678?lang=en-us"
"2021-08-21T07:25:00+05:30",1629510900,"Light fog",11,FALSE,NA,TRUE,26.1,C,17,79,F,18,"http://www.accuweather.com/en/in/lucknow/206678/current-weather/206678?lang=en-us","http://www.accuweather.com/en/in/lucknow/206678/current-weather/206678?lang=en-us"
"2021-08-21T06:25:00+05:30",1629507300,"Rain",18,TRUE,"Rain",TRUE,25.0,C,17,77,F,18,"http://www.accuweather.com/en/in/lucknow/206678/current-weather/206678?lang=en-us","http://www.accuweather.com/en/in/lucknow/206678/current-weather/206678?lang=en-us"
"2021-08-21T05:25:00+05:30",1629503700,"Rain",18,TRUE,"Rain",FALSE,26.1,C,17,79,F,18,"http://www.accuweather.com/en/in/lucknow/206678/current-weather/206678?lang=en-us","http://www.accuweather.com/en/in/lucknow/206678/current-weather/206678?lang=en-us"
"2021-08-21T04:25:00+05:30",1629500100,"Rain",18,TRUE,"Rain",FALSE,26.1,C,17,79,F,18,"http://www.accuweather.com/en/in/lucknow/206678/current-weather/206678?lang=en-us","http://www.accuweather.com/en/in/lucknow/206678/current-weather/206678?lang=en-us"
"2021-08-21T03:25:00+05:30",1629496500,"Rain",18,TRUE,"Rain",FALSE,26.1,C,17,79,F,18,"http://www.accuweather.com/en/in/lucknow/206678/current-weather/206678?lang=en-us","http://www.accuweather.com/en/in/lucknow/206678/current-weather/206678?lang=en-us"
"2021-08-21T02:26:00+05:30",1629492960,"Rain",18,TRUE,"Rain",FALSE,26.1,C,17,79,F,18,"http://www.accuweather.com/en/in/lucknow/206678/current-weather/206678?lang=en-us","http://www.accuweather.com/en/in/lucknow/206678/current-weather/206678?lang=en-us"
"2021-08-21T01:26:00+05:30",1629489360,"Rain",18,TRUE,"Rain",FALSE,25.0,C,17,77,F,18,"http://www.accuweather.com/en/in/lucknow/206678/current-weather/206678?lang=en-us","http://www.accuweather.com/en/in/lucknow/206678/current-weather/206678?lang=en-us"
"2021-08-21T00:26:00+05:30",1629485760,"Thundershower",41,TRUE,"Rain",FALSE,25.0,C,17,77,F,18,"http://www.accuweather.com/en/in/lucknow/206678/current-weather/206678?lang=en-us","http://www.accuweather.com/en/in/lucknow/206678/current-weather/206678?lang=en-us"
"2021-08-20T23:26:00+05:30",1629482160,"Thundershower",41,TRUE,"Rain",FALSE,25.0,C,17,77,F,18,"http://www.accuweather.com/en/in/lucknow/206678/current-weather/206678?lang=en-us","http://www.accuweather.com/en/in/lucknow/206678/current-weather/206678?lang=en-us"
"2021-08-20T22:25:00+05:30",1629478500,"Rain",18,TRUE,"Rain",FALSE,27.2,C,17,81,F,18,"http://www.accuweather.com/en/in/lucknow/206678/current-weather/206678?lang=en-us","http://www.accuweather.com/en/in/lucknow/206678/current-weather/206678?lang=en-us"
"2021-08-20T21:26:00+05:30",1629474960,"Light fog",11,FALSE,NA,FALSE,27.8,C,17,82,F,18,"http://www.accuweather.com/en/in/lucknow/206678/current-weather/206678?lang=en-us","http://www.accuweather.com/en/in/lucknow/206678/current-weather/206678?lang=en-us"
"2021-08-20T20:25:00+05:30",1629471300,"Light fog",11,FALSE,NA,FALSE,27.8,C,17,82,F,18,"http://www.accuweather.com/en/in/lucknow/206678/current-weather/206678?lang=en-us","http://www.accuweather.com/en/in/lucknow/206678/current-weather/206678?lang=en-us"
"2021-08-20T19:25:00+05:30",1629467700,"Light fog",11,FALSE,NA,FALSE,27.8,C,17,82,F,18,"http://www.accuweather.com/en/in/lucknow/206678/current-weather/206678?lang=en-us","http://www.accuweather.com/en/in/lucknow/206678/current-weather/206678?lang=en-us"
"2021-08-20T18:25:00+05:30",1629464100,"Light fog",11,FALSE,NA,TRUE,28.9,C,17,84,F,18,"http://www.accuweather.com/en/in/lucknow/206678/current-weather/206678?lang=en-us","http://www.accuweather.com/en/in/lucknow/206678/current-weather/206678?lang=en-us"
"2021-08-22T18:25:00+05:30",1629636900,"Cloudy", 7,FALSE,NA,TRUE,31.1,C,17,88,F,18,"http://www.accuweather.com/en/in/lucknow/206678/current-weather/206678?lang=en-us","http://www.accuweather.com/en/in/lucknow/206678/current-weather/206678?lang=en-us"
"2021-08-22T17:25:00+05:30",1629633300,"Cloudy", 7,FALSE,NA,TRUE,33.9,C,17,93,F,18,"http://www.accuweather.com/en/in/lucknow/206678/current-weather/206678?lang=en-us","http://www.accuweather.com/en/in/lucknow/206678/current-weather/206678?lang=en-us"
"2021-08-22T16:26:00+05:30",1629629760,"Cloudy", 7,FALSE,NA,TRUE,36.1,C,17,97,F,18,"http://www.accuweather.com/en/in/lucknow/206678/current-weather/206678?lang=en-us","http://www.accuweather.com/en/in/lucknow/206678/current-weather/206678?lang=en-us"
"2021-08-22T15:25:00+05:30",1629626100,"Partly sunny", 3,FALSE,NA,TRUE,36.1,C,17,97,F,18,"http://www.accuweather.com/en/in/lucknow/206678/current-weather/206678?lang=en-us","http://www.accuweather.com/en/in/lucknow/206678/current-weather/206678?lang=en-us"
"2021-08-22T14:25:00+05:30",1629622500,"Partly sunny", 3,FALSE,NA,TRUE,35.0,C,17,95,F,18,"http://www.accuweather.com/en/in/lucknow/206678/current-weather/206678?lang=en-us","http://www.accuweather.com/en/in/lucknow/206678/current-weather/206678?lang=en-us"
"2021-08-22T13:25:00+05:30",1629618900,"Partly sunny", 3,FALSE,NA,TRUE,33.9,C,17,93,F,18,"http://www.accuweather.com/en/in/lucknow/206678/current-weather/206678?lang=en-us","http://www.accuweather.com/en/in/lucknow/206678/current-weather/206678?lang=en-us"
"2021-08-22T12:25:00+05:30",1629615300,"Partly sunny", 3,FALSE,NA,TRUE,33.9,C,17,93,F,18,"http://www.accuweather.com/en/in/lucknow/206678/current-weather/206678?lang=en-us","http://www.accuweather.com/en/in/lucknow/206678/current-weather/206678?lang=en-us"
"2021-08-22T11:25:00+05:30",1629611700,"Cloudy", 7,FALSE,NA,TRUE,33.9,C,17,93,F,18,"http://www.accuweather.com/en/in/lucknow/206678/current-weather/206678?lang=en-us","http://www.accuweather.com/en/in/lucknow/206678/current-weather/206678?lang=en-us"
"2021-08-22T10:25:00+05:30",1629608100,"Light fog",11,FALSE,NA,TRUE,32.2,C,17,90,F,18,"http://www.accuweather.com/en/in/lucknow/206678/current-weather/206678?lang=en-us","http://www.accuweather.com/en/in/lucknow/206678/current-weather/206678?lang=en-us"
"2021-08-22T09:26:00+05:30",1629604560,"Light fog",11,FALSE,NA,TRUE,31.1,C,17,88,F,18,"http://www.accuweather.com/en/in/lucknow/206678/current-weather/206678?lang=en-us","http://www.accuweather.com/en/in/lucknow/206678/current-weather/206678?lang=en-us"
"2021-08-22T08:26:00+05:30",1629600960,"Light fog",11,FALSE,NA,TRUE,27.8,C,17,82,F,18,"http://www.accuweather.com/en/in/lucknow/206678/current-weather/206678?lang=en-us","http://www.accuweather.com/en/in/lucknow/206678/current-weather/206678?lang=en-us"
"2021-08-22T07:26:00+05:30",1629597360,"Light fog",11,FALSE,NA,TRUE,27.2,C,17,81,F,18,"http://www.accuweather.com/en/in/lucknow/206678/current-weather/206678?lang=en-us","http://www.accuweather.com/en/in/lucknow/206678/current-weather/206678?lang=en-us"
"2021-08-22T06:25:00+05:30",1629593700,"Light fog",11,FALSE,NA,TRUE,27.2,C,17,81,F,18,"http://www.accuweather.com/en/in/lucknow/206678/current-weather/206678?lang=en-us","http://www.accuweather.com/en/in/lucknow/206678/current-weather/206678?lang=en-us"
"2021-08-22T05:25:00+05:30",1629590100,"Light fog",11,FALSE,NA,FALSE,27.2,C,17,81,F,18,"http://www.accuweather.com/en/in/lucknow/206678/current-weather/206678?lang=en-us","http://www.accuweather.com/en/in/lucknow/206678/current-weather/206678?lang=en-us"
"2021-08-22T04:25:00+05:30",1629586500,"Light fog",11,FALSE,NA,FALSE,27.2,C,17,81,F,18,"http://www.accuweather.com/en/in/lucknow/206678/current-weather/206678?lang=en-us","http://www.accuweather.com/en/in/lucknow/206678/current-weather/206678?lang=en-us"
"2021-08-22T03:26:00+05:30",1629582960,"Light fog",11,FALSE,NA,FALSE,27.2,C,17,81,F,18,"http://www.accuweather.com/en/in/lucknow/206678/current-weather/206678?lang=en-us","http://www.accuweather.com/en/in/lucknow/206678/current-weather/206678?lang=en-us"
"2021-08-22T02:26:00+05:30",1629579360,"Light fog",11,FALSE,NA,FALSE,27.2,C,17,81,F,18,"http://www.accuweather.com/en/in/lucknow/206678/current-weather/206678?lang=en-us","http://www.accuweather.com/en/in/lucknow/206678/current-weather/206678?lang=en-us"
"2021-08-22T01:26:00+05:30",1629575760,"Light fog",11,FALSE,NA,FALSE,27.2,C,17,81,F,18,"http://www.accuweather.com/en/in/lucknow/206678/current-weather/206678?lang=en-us","http://www.accuweather.com/en/in/lucknow/206678/current-weather/206678?lang=en-us"
"2021-08-22T00:25:00+05:30",1629572100,"Light fog",11,FALSE,NA,FALSE,27.2,C,17,81,F,18,"http://www.accuweather.com/en/in/lucknow/206678/current-weather/206678?lang=en-us","http://www.accuweather.com/en/in/lucknow/206678/current-weather/206678?lang=en-us"
"2021-08-21T23:25:00+05:30",1629568500,"Light fog",11,FALSE,NA,FALSE,27.2,C,17,81,F,18,"http://www.accuweather.com/en/in/lucknow/206678/current-weather/206678?lang=en-us","http://www.accuweather.com/en/in/lucknow/206678/current-weather/206678?lang=en-us"
"2021-08-21T22:25:00+05:30",1629564900,"Light fog",11,FALSE,NA,FALSE,27.2,C,17,81,F,18,"http://www.accuweather.com/en/in/lucknow/206678/current-weather/206678?lang=en-us","http://www.accuweather.com/en/in/lucknow/206678/current-weather/206678?lang=en-us"
"2021-08-21T21:25:00+05:30",1629561300,"Thundershower",41,TRUE,"Rain",FALSE,27.2,C,17,81,F,18,"http://www.accuweather.com/en/in/lucknow/206678/current-weather/206678?lang=en-us","http://www.accuweather.com/en/in/lucknow/206678/current-weather/206678?lang=en-us"
"2021-08-21T20:26:00+05:30",1629557760,"Thundershower",41,TRUE,"Rain",FALSE,28.9,C,17,84,F,18,"http://www.accuweather.com/en/in/lucknow/206678/current-weather/206678?lang=en-us","http://www.accuweather.com/en/in/lucknow/206678/current-weather/206678?lang=en-us"
"2021-08-21T19:25:00+05:30",1629554100,"Thunderstorm",15,TRUE,"Rain",FALSE,30.0,C,17,86,F,18,"http://www.accuweather.com/en/in/lucknow/206678/current-weather/206678?lang=en-us","http://www.accuweather.com/en/in/lucknow/206678/current-weather/206678?lang=en-us"
"2021-08-23T14:26:00+05:30",1629708960,"Partly sunny", 3,FALSE,NA,TRUE,33.9,C,17,93,F,18,"http://www.accuweather.com/en/in/lucknow/206678/current-weather/206678?lang=en-us","http://www.accuweather.com/en/in/lucknow/206678/current-weather/206678?lang=en-us"
"2021-08-23T13:26:00+05:30",1629705360,"Partly sunny", 3,FALSE,NA,TRUE,33.9,C,17,93,F,18,"http://www.accuweather.com/en/in/lucknow/206678/current-weather/206678?lang=en-us","http://www.accuweather.com/en/in/lucknow/206678/current-weather/206678?lang=en-us"
"2021-08-23T12:25:00+05:30",1629701700,"Partly sunny", 3,FALSE,NA,TRUE,33.9,C,17,93,F,18,"http://www.accuweather.com/en/in/lucknow/206678/current-weather/206678?lang=en-us","http://www.accuweather.com/en/in/lucknow/206678/current-weather/206678?lang=en-us"
"2021-08-23T11:25:00+05:30",1629698100,"Cloudy", 7,FALSE,NA,TRUE,32.8,C,17,91,F,18,"http://www.accuweather.com/en/in/lucknow/206678/current-weather/206678?lang=en-us","http://www.accuweather.com/en/in/lucknow/206678/current-weather/206678?lang=en-us"
"2021-08-23T10:25:00+05:30",1629694500,"Light fog",11,FALSE,NA,TRUE,32.2,C,17,90,F,18,"http://www.accuweather.com/en/in/lucknow/206678/current-weather/206678?lang=en-us","http://www.accuweather.com/en/in/lucknow/206678/current-weather/206678?lang=en-us"
"2021-08-23T09:25:00+05:30",1629690900,"Light fog",11,FALSE,NA,TRUE,31.1,C,17,88,F,18,"http://www.accuweather.com/en/in/lucknow/206678/current-weather/206678?lang=en-us","http://www.accuweather.com/en/in/lucknow/206678/current-weather/206678?lang=en-us"
"2021-08-23T08:25:00+05:30",1629687300,"Light fog",11,FALSE,NA,TRUE,30.0,C,17,86,F,18,"http://www.accuweather.com/en/in/lucknow/206678/current-weather/206678?lang=en-us","http://www.accuweather.com/en/in/lucknow/206678/current-weather/206678?lang=en-us"
"2021-08-23T07:26:00+05:30",1629683760,"Light fog",11,FALSE,NA,TRUE,28.9,C,17,84,F,18,"http://www.accuweather.com/en/in/lucknow/206678/current-weather/206678?lang=en-us","http://www.accuweather.com/en/in/lucknow/206678/current-weather/206678?lang=en-us"
"2021-08-23T06:26:00+05:30",1629680160,"Light fog",11,FALSE,NA,TRUE,28.9,C,17,84,F,18,"http://www.accuweather.com/en/in/lucknow/206678/current-weather/206678?lang=en-us","http://www.accuweather.com/en/in/lucknow/206678/current-weather/206678?lang=en-us"
"2021-08-23T05:26:00+05:30",1629676560,"Rain",18,TRUE,"Rain",FALSE,28.9,C,17,84,F,18,"http://www.accuweather.com/en/in/lucknow/206678/current-weather/206678?lang=en-us","http://www.accuweather.com/en/in/lucknow/206678/current-weather/206678?lang=en-us"
"2021-08-23T04:25:00+05:30",1629672900,"Light fog",11,FALSE,NA,FALSE,27.8,C,17,82,F,18,"http://www.accuweather.com/en/in/lucknow/206678/current-weather/206678?lang=en-us","http://www.accuweather.com/en/in/lucknow/206678/current-weather/206678?lang=en-us"
"2021-08-23T03:25:00+05:30",1629669300,"Light fog",11,FALSE,NA,FALSE,27.8,C,17,82,F,18,"http://www.accuweather.com/en/in/lucknow/206678/current-weather/206678?lang=en-us","http://www.accuweather.com/en/in/lucknow/206678/current-weather/206678?lang=en-us"
"2021-08-23T02:25:00+05:30",1629665700,"Light fog",11,FALSE,NA,FALSE,28.9,C,17,84,F,18,"http://www.accuweather.com/en/in/lucknow/206678/current-weather/206678?lang=en-us","http://www.accuweather.com/en/in/lucknow/206678/current-weather/206678?lang=en-us"
"2021-08-23T01:26:00+05:30",1629662160,"Light fog",11,FALSE,NA,FALSE,28.9,C,17,84,F,18,"http://www.accuweather.com/en/in/lucknow/206678/current-weather/206678?lang=en-us","http://www.accuweather.com/en/in/lucknow/206678/current-weather/206678?lang=en-us"
"2021-08-23T00:25:00+05:30",1629658500,"Light fog",11,FALSE,NA,FALSE,28.9,C,17,84,F,18,"http://www.accuweather.com/en/in/lucknow/206678/current-weather/206678?lang=en-us","http://www.accuweather.com/en/in/lucknow/206678/current-weather/206678?lang=en-us"
"2021-08-22T23:25:00+05:30",1629654900,"Light fog",11,FALSE,NA,FALSE,28.9,C,17,84,F,18,"http://www.accuweather.com/en/in/lucknow/206678/current-weather/206678?lang=en-us","http://www.accuweather.com/en/in/lucknow/206678/current-weather/206678?lang=en-us"
"2021-08-22T22:25:00+05:30",1629651300,"Light fog",11,FALSE,NA,FALSE,28.9,C,17,84,F,18,"http://www.accuweather.com/en/in/lucknow/206678/current-weather/206678?lang=en-us","http://www.accuweather.com/en/in/lucknow/206678/current-weather/206678?lang=en-us"
"2021-08-22T21:26:00+05:30",1629647760,"Partly cloudy",35,FALSE,NA,FALSE,28.9,C,17,84,F,18,"http://www.accuweather.com/en/in/lucknow/206678/current-weather/206678?lang=en-us","http://www.accuweather.com/en/in/lucknow/206678/current-weather/206678?lang=en-us"
"2021-08-22T20:26:00+05:30",1629644160,"Cloudy", 7,FALSE,NA,FALSE,30.0,C,17,86,F,18,"http://www.accuweather.com/en/in/lucknow/206678/current-weather/206678?lang=en-us","http://www.accuweather.com/en/in/lucknow/206678/current-weather/206678?lang=en-us"
"2021-08-22T19:25:00+05:30",1629640500,"Cloudy", 7,FALSE,NA,FALSE,30.0,C,17,86,F,18,"http://www.accuweather.com/en/in/lucknow/206678/current-weather/206678?lang=en-us","http://www.accuweather.com/en/in/lucknow/206678/current-weather/206678?lang=en-us"
"2021-08-22T18:25:00+05:30",1629636900,"Cloudy", 7,FALSE,NA,TRUE,31.1,C,17,88,F,18,"http://www.accuweather.com/en/in/lucknow/206678/current-weather/206678?lang=en-us","http://www.accuweather.com/en/in/lucknow/206678/current-weather/206678?lang=en-us"
"2021-08-22T17:25:00+05:30",1629633300,"Cloudy", 7,FALSE,NA,TRUE,33.9,C,17,93,F,18,"http://www.accuweather.com/en/in/lucknow/206678/current-weather/206678?lang=en-us","http://www.accuweather.com/en/in/lucknow/206678/current-weather/206678?lang=en-us"
"2021-08-22T16:26:00+05:30",1629629760,"Cloudy", 7,FALSE,NA,TRUE,36.1,C,17,97,F,18,"http://www.accuweather.com/en/in/lucknow/206678/current-weather/206678?lang=en-us","http://www.accuweather.com/en/in/lucknow/206678/current-weather/206678?lang=en-us"
"2021-08-22T15:25:00+05:30",1629626100,"Partly sunny", 3,FALSE,NA,TRUE,36.1,C,17,97,F,18,"http://www.accuweather.com/en/in/lucknow/206678/current-weather/206678?lang=en-us","http://www.accuweather.com/en/in/lucknow/206678/current-weather/206678?lang=en-us"
"2021-08-24T15:25:00+05:30",1629798900,"Light fog",11,FALSE,NA,TRUE,32.2,C,17,90,F,18,"http://www.accuweather.com/en/in/lucknow/206678/current-weather/206678?lang=en-us","http://www.accuweather.com/en/in/lucknow/206678/current-weather/206678?lang=en-us"
"2021-08-24T14:25:00+05:30",1629795300,"Light fog",11,FALSE,NA,TRUE,32.8,C,17,91,F,18,"http://www.accuweather.com/en/in/lucknow/206678/current-weather/206678?lang=en-us","http://www.accuweather.com/en/in/lucknow/206678/current-weather/206678?lang=en-us"
"2021-08-24T13:25:00+05:30",1629791700,"Light fog",11,FALSE,NA,TRUE,32.2,C,17,90,F,18,"http://www.accuweather.com/en/in/lucknow/206678/current-weather/206678?lang=en-us","http://www.accuweather.com/en/in/lucknow/206678/current-weather/206678?lang=en-us"
"2021-08-24T12:26:00+05:30",1629788160,"Light fog",11,FALSE,NA,TRUE,32.2,C,17,90,F,18,"http://www.accuweather.com/en/in/lucknow/206678/current-weather/206678?lang=en-us","http://www.accuweather.com/en/in/lucknow/206678/current-weather/206678?lang=en-us"
"2021-08-24T11:25:00+05:30",1629784500,"Light fog",11,FALSE,NA,TRUE,31.1,C,17,88,F,18,"http://www.accuweather.com/en/in/lucknow/206678/current-weather/206678?lang=en-us","http://www.accuweather.com/en/in/lucknow/206678/current-weather/206678?lang=en-us"
"2021-08-24T10:25:00+05:30",1629780900,"Light fog",11,FALSE,NA,TRUE,31.1,C,17,88,F,18,"http://www.accuweather.com/en/in/lucknow/206678/current-weather/206678?lang=en-us","http://www.accuweather.com/en/in/lucknow/206678/current-weather/206678?lang=en-us"
"2021-08-24T09:25:00+05:30",1629777300,"Light fog",11,FALSE,NA,TRUE,30.0,C,17,86,F,18,"http://www.accuweather.com/en/in/lucknow/206678/current-weather/206678?lang=en-us","http://www.accuweather.com/en/in/lucknow/206678/current-weather/206678?lang=en-us"
"2021-08-24T08:25:00+05:30",1629773700,"Light fog",11,FALSE,NA,TRUE,28.9,C,17,84,F,18,"http://www.accuweather.com/en/in/lucknow/206678/current-weather/206678?lang=en-us","http://www.accuweather.com/en/in/lucknow/206678/current-weather/206678?lang=en-us"
"2021-08-24T07:25:00+05:30",1629770100,"Light fog",11,FALSE,NA,TRUE,27.8,C,17,82,F,18,"http://www.accuweather.com/en/in/lucknow/206678/current-weather/206678?lang=en-us","http://www.accuweather.com/en/in/lucknow/206678/current-weather/206678?lang=en-us"
"2021-08-24T06:25:00+05:30",1629766500,"Light fog",11,FALSE,NA,TRUE,27.2,C,17,81,F,18,"http://www.accuweather.com/en/in/lucknow/206678/current-weather/206678?lang=en-us","http://www.accuweather.com/en/in/lucknow/206678/current-weather/206678?lang=en-us"
"2021-08-24T05:25:00+05:30",1629762900,"Light fog",11,FALSE,NA,FALSE,27.2,C,17,81,F,18,"http://www.accuweather.com/en/in/lucknow/206678/current-weather/206678?lang=en-us","http://www.accuweather.com/en/in/lucknow/206678/current-weather/206678?lang=en-us"
"2021-08-24T04:25:00+05:30",1629759300,"Light fog",11,FALSE,NA,FALSE,26.1,C,17,79,F,18,"http://www.accuweather.com/en/in/lucknow/206678/current-weather/206678?lang=en-us","http://www.accuweather.com/en/in/lucknow/206678/current-weather/206678?lang=en-us"
"2021-08-24T03:25:00+05:30",1629755700,"Light fog",11,FALSE,NA,FALSE,26.1,C,17,79,F,18,"http://www.accuweather.com/en/in/lucknow/206678/current-weather/206678?lang=en-us","http://www.accuweather.com/en/in/lucknow/206678/current-weather/206678?lang=en-us"
"2021-08-24T02:25:00+05:30",1629752100,"Light fog",11,FALSE,NA,FALSE,26.1,C,17,79,F,18,"http://www.accuweather.com/en/in/lucknow/206678/current-weather/206678?lang=en-us","http://www.accuweather.com/en/in/lucknow/206678/current-weather/206678?lang=en-us"
"2021-08-24T01:25:00+05:30",1629748500,"Light fog",11,FALSE,NA,FALSE,26.1,C,17,79,F,18,"http://www.accuweather.com/en/in/lucknow/206678/current-weather/206678?lang=en-us","http://www.accuweather.com/en/in/lucknow/206678/current-weather/206678?lang=en-us"
"2021-08-24T00:25:00+05:30",1629744900,"Light fog",11,FALSE,NA,FALSE,25.0,C,17,77,F,18,"http://www.accuweather.com/en/in/lucknow/206678/current-weather/206678?lang=en-us","http://www.accuweather.com/en/in/lucknow/206678/current-weather/206678?lang=en-us"
"2021-08-23T23:25:00+05:30",1629741300,"Rain",18,TRUE,"Rain",FALSE,26.1,C,17,79,F,18,"http://www.accuweather.com/en/in/lucknow/206678/current-weather/206678?lang=en-us","http://www.accuweather.com/en/in/lucknow/206678/current-weather/206678?lang=en-us"
"2021-08-23T22:26:00+05:30",1629737760,"Mist",12,FALSE,NA,FALSE,26.1,C,17,79,F,18,"http://www.accuweather.com/en/in/lucknow/206678/current-weather/206678?lang=en-us","http://www.accuweather.com/en/in/lucknow/206678/current-weather/206678?lang=en-us"
"2021-08-23T21:25:00+05:30",1629734100,"Thundershower",15,TRUE,"Rain",FALSE,26.1,C,17,79,F,18,"http://www.accuweather.com/en/in/lucknow/206678/current-weather/206678?lang=en-us","http://www.accuweather.com/en/in/lucknow/206678/current-weather/206678?lang=en-us"
"2021-08-23T20:26:00+05:30",1629730560,"Thundershower",41,TRUE,"Rain",FALSE,25.0,C,17,77,F,18,"http://www.accuweather.com/en/in/lucknow/206678/current-weather/206678?lang=en-us","http://www.accuweather.com/en/in/lucknow/206678/current-weather/206678?lang=en-us"
"2021-08-23T19:26:00+05:30",1629726960,"Thundershower",41,TRUE,"Rain",FALSE,25.0,C,17,77,F,18,"http://www.accuweather.com/en/in/lucknow/206678/current-weather/206678?lang=en-us","http://www.accuweather.com/en/in/lucknow/206678/current-weather/206678?lang=en-us"
"2021-08-23T18:25:00+05:30",1629723300,"Thundershower",17,TRUE,"Rain",TRUE,25.0,C,17,77,F,18,"http://www.accuweather.com/en/in/lucknow/206678/current-weather/206678?lang=en-us","http://www.accuweather.com/en/in/lucknow/206678/current-weather/206678?lang=en-us"
"2021-08-23T17:25:00+05:30",1629719700,"Thundershower",17,TRUE,"Rain",TRUE,30.0,C,17,86,F,18,"http://www.accuweather.com/en/in/lucknow/206678/current-weather/206678?lang=en-us","http://www.accuweather.com/en/in/lucknow/206678/current-weather/206678?lang=en-us"
"2021-08-23T16:26:00+05:30",1629716160,"Thundershower",17,TRUE,"Rain",TRUE,31.1,C,17,88,F,18,"http://www.accuweather.com/en/in/lucknow/206678/current-weather/206678?lang=en-us","http://www.accuweather.com/en/in/lucknow/206678/current-weather/206678?lang=en-us"
"2021-08-25T14:25:00+05:30",1629881700,"Partly sunny", 3,FALSE,NA,TRUE,35.0,C,17,95,F,18,"http://www.accuweather.com/en/in/lucknow/206678/current-weather/206678?lang=en-us","http://www.accuweather.com/en/in/lucknow/206678/current-weather/206678?lang=en-us"
"2021-08-25T13:25:00+05:30",1629878100,"Partly sunny", 3,FALSE,NA,TRUE,32.8,C,17,91,F,18,"http://www.accuweather.com/en/in/lucknow/206678/current-weather/206678?lang=en-us","http://www.accuweather.com/en/in/lucknow/206678/current-weather/206678?lang=en-us"
"2021-08-25T12:25:00+05:30",1629874500,"Partly sunny", 3,FALSE,NA,TRUE,32.2,C,17,90,F,18,"http://www.accuweather.com/en/in/lucknow/206678/current-weather/206678?lang=en-us","http://www.accuweather.com/en/in/lucknow/206678/current-weather/206678?lang=en-us"
"2021-08-25T11:25:00+05:30",1629870900,"Light fog",11,FALSE,NA,TRUE,32.2,C,17,90,F,18,"http://www.accuweather.com/en/in/lucknow/206678/current-weather/206678?lang=en-us","http://www.accuweather.com/en/in/lucknow/206678/current-weather/206678?lang=en-us"
"2021-08-25T10:25:00+05:30",1629867300,"Light fog",11,FALSE,NA,TRUE,31.1,C,17,88,F,18,"http://www.accuweather.com/en/in/lucknow/206678/current-weather/206678?lang=en-us","http://www.accuweather.com/en/in/lucknow/206678/current-weather/206678?lang=en-us"
"2021-08-25T09:25:00+05:30",1629863700,"Light fog",11,FALSE,NA,TRUE,30.0,C,17,86,F,18,"http://www.accuweather.com/en/in/lucknow/206678/current-weather/206678?lang=en-us","http://www.accuweather.com/en/in/lucknow/206678/current-weather/206678?lang=en-us"
"2021-08-25T08:25:00+05:30",1629860100,"Light fog",11,FALSE,NA,TRUE,27.2,C,17,81,F,18,"http://www.accuweather.com/en/in/lucknow/206678/current-weather/206678?lang=en-us","http://www.accuweather.com/en/in/lucknow/206678/current-weather/206678?lang=en-us"
"2021-08-25T07:25:00+05:30",1629856500,"Light fog",11,FALSE,NA,TRUE,26.1,C,17,79,F,18,"http://www.accuweather.com/en/in/lucknow/206678/current-weather/206678?lang=en-us","http://www.accuweather.com/en/in/lucknow/206678/current-weather/206678?lang=en-us"
"2021-08-25T06:25:00+05:30",1629852900,"Light fog",11,FALSE,NA,TRUE,26.1,C,17,79,F,18,"http://www.accuweather.com/en/in/lucknow/206678/current-weather/206678?lang=en-us","http://www.accuweather.com/en/in/lucknow/206678/current-weather/206678?lang=en-us"
"2021-08-25T05:25:00+05:30",1629849300,"Light fog",11,FALSE,NA,FALSE,26.1,C,17,79,F,18,"http://www.accuweather.com/en/in/lucknow/206678/current-weather/206678?lang=en-us","http://www.accuweather.com/en/in/lucknow/206678/current-weather/206678?lang=en-us"
"2021-08-25T04:25:00+05:30",1629845700,"Light fog",11,FALSE,NA,FALSE,26.1,C,17,79,F,18,"http://www.accuweather.com/en/in/lucknow/206678/current-weather/206678?lang=en-us","http://www.accuweather.com/en/in/lucknow/206678/current-weather/206678?lang=en-us"
"2021-08-25T03:26:00+05:30",1629842160,"Light fog",11,FALSE,NA,FALSE,26.1,C,17,79,F,18,"http://www.accuweather.com/en/in/lucknow/206678/current-weather/206678?lang=en-us","http://www.accuweather.com/en/in/lucknow/206678/current-weather/206678?lang=en-us"
"2021-08-25T02:25:00+05:30",1629838500,"Light fog",11,FALSE,NA,FALSE,26.1,C,17,79,F,18,"http://www.accuweather.com/en/in/lucknow/206678/current-weather/206678?lang=en-us","http://www.accuweather.com/en/in/lucknow/206678/current-weather/206678?lang=en-us"
"2021-08-25T01:25:00+05:30",1629834900,"Light fog",11,FALSE,NA,FALSE,26.1,C,17,79,F,18,"http://www.accuweather.com/en/in/lucknow/206678/current-weather/206678?lang=en-us","http://www.accuweather.com/en/in/lucknow/206678/current-weather/206678?lang=en-us"
"2021-08-25T00:25:00+05:30",1629831300,"Rain",18,TRUE,"Rain",FALSE,26.1,C,17,79,F,18,"http://www.accuweather.com/en/in/lucknow/206678/current-weather/206678?lang=en-us","http://www.accuweather.com/en/in/lucknow/206678/current-weather/206678?lang=en-us"
"2021-08-24T23:25:00+05:30",1629827700,"Thundershower",15,TRUE,"Rain",FALSE,26.1,C,17,79,F,18,"http://www.accuweather.com/en/in/lucknow/206678/current-weather/206678?lang=en-us","http://www.accuweather.com/en/in/lucknow/206678/current-weather/206678?lang=en-us"
"2021-08-24T22:26:00+05:30",1629824160,"Thundershower",15,TRUE,"Rain",FALSE,26.1,C,17,79,F,18,"http://www.accuweather.com/en/in/lucknow/206678/current-weather/206678?lang=en-us","http://www.accuweather.com/en/in/lucknow/206678/current-weather/206678?lang=en-us"
"2021-08-24T21:26:00+05:30",1629820560,"Thundershower",15,TRUE,"Rain",FALSE,26.1,C,17,79,F,18,"http://www.accuweather.com/en/in/lucknow/206678/current-weather/206678?lang=en-us","http://www.accuweather.com/en/in/lucknow/206678/current-weather/206678?lang=en-us"
"2021-08-24T20:26:00+05:30",1629816960,"Thundershower",15,TRUE,"Rain",FALSE,27.2,C,17,81,F,18,"http://www.accuweather.com/en/in/lucknow/206678/current-weather/206678?lang=en-us","http://www.accuweather.com/en/in/lucknow/206678/current-weather/206678?lang=en-us"
"2021-08-24T19:26:00+05:30",1629813360,"Thundershower",41,TRUE,"Rain",FALSE,27.2,C,17,81,F,18,"http://www.accuweather.com/en/in/lucknow/206678/current-weather/206678?lang=en-us","http://www.accuweather.com/en/in/lucknow/206678/current-weather/206678?lang=en-us"
"2021-08-24T18:26:00+05:30",1629809760,"Thundershower",17,TRUE,"Rain",TRUE,27.2,C,17,81,F,18,"http://www.accuweather.com/en/in/lucknow/206678/current-weather/206678?lang=en-us","http://www.accuweather.com/en/in/lucknow/206678/current-weather/206678?lang=en-us"
"2021-08-24T17:26:00+05:30",1629806160,"Thundershower",17,TRUE,"Rain",TRUE,31.1,C,17,88,F,18,"http://www.accuweather.com/en/in/lucknow/206678/current-weather/206678?lang=en-us","http://www.accuweather.com/en/in/lucknow/206678/current-weather/206678?lang=en-us"
"2021-08-24T16:25:00+05:30",1629802500,"Light fog",11,FALSE,NA,TRUE,32.2,C,17,90,F,18,"http://www.accuweather.com/en/in/lucknow/206678/current-weather/206678?lang=en-us","http://www.accuweather.com/en/in/lucknow/206678/current-weather/206678?lang=en-us"
"2021-08-24T15:25:00+05:30",1629798900,"Light fog",11,FALSE,NA,TRUE,32.2,C,17,90,F,18,"http://www.accuweather.com/en/in/lucknow/206678/current-weather/206678?lang=en-us","http://www.accuweather.com/en/in/lucknow/206678/current-weather/206678?lang=en-us"
"2021-08-26T14:26:00+05:30",1629968160,"Mostly cloudy", 6,FALSE,NA,TRUE,32.2,C,17,90,F,18,"http://www.accuweather.com/en/in/lucknow/206678/current-weather/206678?lang=en-us","http://www.accuweather.com/en/in/lucknow/206678/current-weather/206678?lang=en-us"
"2021-08-26T13:26:00+05:30",1629964560,"Mostly cloudy", 6,FALSE,NA,TRUE,32.2,C,17,90,F,18,"http://www.accuweather.com/en/in/lucknow/206678/current-weather/206678?lang=en-us","http://www.accuweather.com/en/in/lucknow/206678/current-weather/206678?lang=en-us"
"2021-08-26T12:26:00+05:30",1629960960,"Mostly cloudy", 6,FALSE,NA,TRUE,32.2,C,17,90,F,18,"http://www.accuweather.com/en/in/lucknow/206678/current-weather/206678?lang=en-us","http://www.accuweather.com/en/in/lucknow/206678/current-weather/206678?lang=en-us"
"2021-08-26T11:26:00+05:30",1629957360,"Cloudy", 7,FALSE,NA,TRUE,31.1,C,17,88,F,18,"http://www.accuweather.com/en/in/lucknow/206678/current-weather/206678?lang=en-us","http://www.accuweather.com/en/in/lucknow/206678/current-weather/206678?lang=en-us"
"2021-08-26T10:25:00+05:30",1629953700,"Light fog",11,FALSE,NA,TRUE,30.0,C,17,86,F,18,"http://www.accuweather.com/en/in/lucknow/206678/current-weather/206678?lang=en-us","http://www.accuweather.com/en/in/lucknow/206678/current-weather/206678?lang=en-us"
"2021-08-26T09:26:00+05:30",1629950160,"Light fog",11,FALSE,NA,TRUE,28.9,C,17,84,F,18,"http://www.accuweather.com/en/in/lucknow/206678/current-weather/206678?lang=en-us","http://www.accuweather.com/en/in/lucknow/206678/current-weather/206678?lang=en-us"
"2021-08-26T08:25:00+05:30",1629946500,"Light fog",11,FALSE,NA,TRUE,28.9,C,17,84,F,18,"http://www.accuweather.com/en/in/lucknow/206678/current-weather/206678?lang=en-us","http://www.accuweather.com/en/in/lucknow/206678/current-weather/206678?lang=en-us"
"2021-08-26T07:25:00+05:30",1629942900,"Light fog",11,FALSE,NA,TRUE,27.8,C,17,82,F,18,"http://www.accuweather.com/en/in/lucknow/206678/current-weather/206678?lang=en-us","http://www.accuweather.com/en/in/lucknow/206678/current-weather/206678?lang=en-us"
"2021-08-26T06:25:00+05:30",1629939300,"Light fog",11,FALSE,NA,TRUE,27.8,C,17,82,F,18,"http://www.accuweather.com/en/in/lucknow/206678/current-weather/206678?lang=en-us","http://www.accuweather.com/en/in/lucknow/206678/current-weather/206678?lang=en-us"
"2021-08-26T05:26:00+05:30",1629935760,"Light fog",11,FALSE,NA,FALSE,28.9,C,17,84,F,18,"http://www.accuweather.com/en/in/lucknow/206678/current-weather/206678?lang=en-us","http://www.accuweather.com/en/in/lucknow/206678/current-weather/206678?lang=en-us"
"2021-08-26T04:25:00+05:30",1629932100,"Light fog",11,FALSE,NA,FALSE,28.9,C,17,84,F,18,"http://www.accuweather.com/en/in/lucknow/206678/current-weather/206678?lang=en-us","http://www.accuweather.com/en/in/lucknow/206678/current-weather/206678?lang=en-us"
"2021-08-26T03:25:00+05:30",1629928500,"Light fog",11,FALSE,NA,FALSE,28.9,C,17,84,F,18,"http://www.accuweather.com/en/in/lucknow/206678/current-weather/206678?lang=en-us","http://www.accuweather.com/en/in/lucknow/206678/current-weather/206678?lang=en-us"
"2021-08-26T02:26:00+05:30",1629924960,"Light fog",11,FALSE,NA,FALSE,28.9,C,17,84,F,18,"http://www.accuweather.com/en/in/lucknow/206678/current-weather/206678?lang=en-us","http://www.accuweather.com/en/in/lucknow/206678/current-weather/206678?lang=en-us"
"2021-08-26T01:26:00+05:30",1629921360,"Light fog",11,FALSE,NA,FALSE,28.9,C,17,84,F,18,"http://www.accuweather.com/en/in/lucknow/206678/current-weather/206678?lang=en-us","http://www.accuweather.com/en/in/lucknow/206678/current-weather/206678?lang=en-us"
"2021-08-26T00:26:00+05:30",1629917760,"Light fog",11,FALSE,NA,FALSE,28.9,C,17,84,F,18,"http://www.accuweather.com/en/in/lucknow/206678/current-weather/206678?lang=en-us","http://www.accuweather.com/en/in/lucknow/206678/current-weather/206678?lang=en-us"
"2021-08-25T23:25:00+05:30",1629914100,"Light fog",11,FALSE,NA,FALSE,28.9,C,17,84,F,18,"http://www.accuweather.com/en/in/lucknow/206678/current-weather/206678?lang=en-us","http://www.accuweather.com/en/in/lucknow/206678/current-weather/206678?lang=en-us"
"2021-08-25T22:25:00+05:30",1629910500,"Light fog",11,FALSE,NA,FALSE,30.0,C,17,86,F,18,"http://www.accuweather.com/en/in/lucknow/206678/current-weather/206678?lang=en-us","http://www.accuweather.com/en/in/lucknow/206678/current-weather/206678?lang=en-us"
"2021-08-25T21:26:00+05:30",1629906960,"Light fog",11,FALSE,NA,FALSE,30.0,C,17,86,F,18,"http://www.accuweather.com/en/in/lucknow/206678/current-weather/206678?lang=en-us","http://www.accuweather.com/en/in/lucknow/206678/current-weather/206678?lang=en-us"
"2021-08-25T20:26:00+05:30",1629903360,"Light fog",11,FALSE,NA,FALSE,30.0,C,17,86,F,18,"http://www.accuweather.com/en/in/lucknow/206678/current-weather/206678?lang=en-us","http://www.accuweather.com/en/in/lucknow/206678/current-weather/206678?lang=en-us"
"2021-08-25T19:25:00+05:30",1629899700,"Light fog",11,FALSE,NA,FALSE,31.1,C,17,88,F,18,"http://www.accuweather.com/en/in/lucknow/206678/current-weather/206678?lang=en-us","http://www.accuweather.com/en/in/lucknow/206678/current-weather/206678?lang=en-us"
"2021-08-25T18:26:00+05:30",1629896160,"Cloudy", 7,FALSE,NA,TRUE,31.1,C,17,88,F,18,"http://www.accuweather.com/en/in/lucknow/206678/current-weather/206678?lang=en-us","http://www.accuweather.com/en/in/lucknow/206678/current-weather/206678?lang=en-us"
"2021-08-25T17:25:00+05:30",1629892500,"Cloudy", 7,FALSE,NA,TRUE,32.2,C,17,90,F,18,"http://www.accuweather.com/en/in/lucknow/206678/current-weather/206678?lang=en-us","http://www.accuweather.com/en/in/lucknow/206678/current-weather/206678?lang=en-us"
"2021-08-25T16:25:00+05:30",1629888900,"Partly sunny", 3,FALSE,NA,TRUE,32.2,C,17,90,F,18,"http://www.accuweather.com/en/in/lucknow/206678/current-weather/206678?lang=en-us","http://www.accuweather.com/en/in/lucknow/206678/current-weather/206678?lang=en-us"
"2021-08-25T15:25:00+05:30",1629885300,"Partly sunny", 3,FALSE,NA,TRUE,32.8,C,17,91,F,18,"http://www.accuweather.com/en/in/lucknow/206678/current-weather/206678?lang=en-us","http://www.accuweather.com/en/in/lucknow/206678/current-weather/206678?lang=en-us"
"2021-08-27T14:26:00+05:30",1630054560,"Cloudy", 7,FALSE,NA,TRUE,32.2,C,17,90,F,18,"http://www.accuweather.com/en/in/lucknow/206678/current-weather/206678?lang=en-us","http://www.accuweather.com/en/in/lucknow/206678/current-weather/206678?lang=en-us"
"2021-08-27T13:26:00+05:30",1630050960,"Cloudy", 7,FALSE,NA,TRUE,32.8,C,17,91,F,18,"http://www.accuweather.com/en/in/lucknow/206678/current-weather/206678?lang=en-us","http://www.accuweather.com/en/in/lucknow/206678/current-weather/206678?lang=en-us"
"2021-08-27T12:26:00+05:30",1630047360,"Cloudy", 7,FALSE,NA,TRUE,32.2,C,17,90,F,18,"http://www.accuweather.com/en/in/lucknow/206678/current-weather/206678?lang=en-us","http://www.accuweather.com/en/in/lucknow/206678/current-weather/206678?lang=en-us"
"2021-08-27T11:26:00+05:30",1630043760,"Cloudy", 7,FALSE,NA,TRUE,32.2,C,17,90,F,18,"http://www.accuweather.com/en/in/lucknow/206678/current-weather/206678?lang=en-us","http://www.accuweather.com/en/in/lucknow/206678/current-weather/206678?lang=en-us"
"2021-08-27T10:25:00+05:30",1630040100,"Light fog",11,FALSE,NA,TRUE,32.2,C,17,90,F,18,"http://www.accuweather.com/en/in/lucknow/206678/current-weather/206678?lang=en-us","http://www.accuweather.com/en/in/lucknow/206678/current-weather/206678?lang=en-us"
"2021-08-27T09:25:00+05:30",1630036500,"Light fog",11,FALSE,NA,TRUE,30.0,C,17,86,F,18,"http://www.accuweather.com/en/in/lucknow/206678/current-weather/206678?lang=en-us","http://www.accuweather.com/en/in/lucknow/206678/current-weather/206678?lang=en-us"
"2021-08-27T08:26:00+05:30",1630032960,"Light fog",11,FALSE,NA,TRUE,27.8,C,17,82,F,18,"http://www.accuweather.com/en/in/lucknow/206678/current-weather/206678?lang=en-us","http://www.accuweather.com/en/in/lucknow/206678/current-weather/206678?lang=en-us"
"2021-08-27T07:25:00+05:30",1630029300,"Light fog",11,FALSE,NA,TRUE,27.8,C,17,82,F,18,"http://www.accuweather.com/en/in/lucknow/206678/current-weather/206678?lang=en-us","http://www.accuweather.com/en/in/lucknow/206678/current-weather/206678?lang=en-us"
"2021-08-27T06:26:00+05:30",1630025760,"Light fog",11,FALSE,NA,TRUE,27.2,C,17,81,F,18,"http://www.accuweather.com/en/in/lucknow/206678/current-weather/206678?lang=en-us","http://www.accuweather.com/en/in/lucknow/206678/current-weather/206678?lang=en-us"
"2021-08-27T05:26:00+05:30",1630022160,"Light fog",11,FALSE,NA,FALSE,27.8,C,17,82,F,18,"http://www.accuweather.com/en/in/lucknow/206678/current-weather/206678?lang=en-us","http://www.accuweather.com/en/in/lucknow/206678/current-weather/206678?lang=en-us"
"2021-08-27T04:26:00+05:30",1630018560,"Light fog",11,FALSE,NA,FALSE,27.8,C,17,82,F,18,"http://www.accuweather.com/en/in/lucknow/206678/current-weather/206678?lang=en-us","http://www.accuweather.com/en/in/lucknow/206678/current-weather/206678?lang=en-us"
"2021-08-27T03:26:00+05:30",1630014960,"Light fog",11,FALSE,NA,FALSE,27.8,C,17,82,F,18,"http://www.accuweather.com/en/in/lucknow/206678/current-weather/206678?lang=en-us","http://www.accuweather.com/en/in/lucknow/206678/current-weather/206678?lang=en-us"
"2021-08-27T02:26:00+05:30",1630011360,"Light fog",11,FALSE,NA,FALSE,27.8,C,17,82,F,18,"http://www.accuweather.com/en/in/lucknow/206678/current-weather/206678?lang=en-us","http://www.accuweather.com/en/in/lucknow/206678/current-weather/206678?lang=en-us"
"2021-08-27T01:25:00+05:30",1630007700,"Light fog",11,FALSE,NA,FALSE,27.8,C,17,82,F,18,"http://www.accuweather.com/en/in/lucknow/206678/current-weather/206678?lang=en-us","http://www.accuweather.com/en/in/lucknow/206678/current-weather/206678?lang=en-us"
"2021-08-27T00:25:00+05:30",1630004100,"Light fog",11,FALSE,NA,FALSE,28.9,C,17,84,F,18,"http://www.accuweather.com/en/in/lucknow/206678/current-weather/206678?lang=en-us","http://www.accuweather.com/en/in/lucknow/206678/current-weather/206678?lang=en-us"
"2021-08-26T23:25:00+05:30",1630000500,"Light fog",11,FALSE,NA,FALSE,28.9,C,17,84,F,18,"http://www.accuweather.com/en/in/lucknow/206678/current-weather/206678?lang=en-us","http://www.accuweather.com/en/in/lucknow/206678/current-weather/206678?lang=en-us"
"2021-08-26T22:25:00+05:30",1629996900,"Light fog",11,FALSE,NA,FALSE,28.9,C,17,84,F,18,"http://www.accuweather.com/en/in/lucknow/206678/current-weather/206678?lang=en-us","http://www.accuweather.com/en/in/lucknow/206678/current-weather/206678?lang=en-us"
"2021-08-26T21:26:00+05:30",1629993360,"Light fog",11,FALSE,NA,FALSE,28.9,C,17,84,F,18,"http://www.accuweather.com/en/in/lucknow/206678/current-weather/206678?lang=en-us","http://www.accuweather.com/en/in/lucknow/206678/current-weather/206678?lang=en-us"
"2021-08-26T20:26:00+05:30",1629989760,"Light fog",11,FALSE,NA,FALSE,30.0,C,17,86,F,18,"http://www.accuweather.com/en/in/lucknow/206678/current-weather/206678?lang=en-us","http://www.accuweather.com/en/in/lucknow/206678/current-weather/206678?lang=en-us"
"2021-08-26T19:26:00+05:30",1629986160,"Light fog",11,FALSE,NA,FALSE,30.0,C,17,86,F,18,"http://www.accuweather.com/en/in/lucknow/206678/current-weather/206678?lang=en-us","http://www.accuweather.com/en/in/lucknow/206678/current-weather/206678?lang=en-us"
"2021-08-26T18:25:00+05:30",1629982500,"Light fog",11,FALSE,NA,TRUE,31.1,C,17,88,F,18,"http://www.accuweather.com/en/in/lucknow/206678/current-weather/206678?lang=en-us","http://www.accuweather.com/en/in/lucknow/206678/current-weather/206678?lang=en-us"
"2021-08-26T17:26:00+05:30",1629978960,"Cloudy", 7,FALSE,NA,TRUE,31.1,C,17,88,F,18,"http://www.accuweather.com/en/in/lucknow/206678/current-weather/206678?lang=en-us","http://www.accuweather.com/en/in/lucknow/206678/current-weather/206678?lang=en-us"
"2021-08-26T16:26:00+05:30",1629975360,"Cloudy", 7,FALSE,NA,TRUE,32.2,C,17,90,F,18,"http://www.accuweather.com/en/in/lucknow/206678/current-weather/206678?lang=en-us","http://www.accuweather.com/en/in/lucknow/206678/current-weather/206678?lang=en-us"
"2021-08-26T15:26:00+05:30",1629971760,"Cloudy", 7,FALSE,NA,TRUE,32.8,C,17,91,F,18,"http://www.accuweather.com/en/in/lucknow/206678/current-weather/206678?lang=en-us","http://www.accuweather.com/en/in/lucknow/206678/current-weather/206678?lang=en-us"
"2021-08-28T14:26:00+05:30",1630140960,"Partly sunny", 3,FALSE,NA,TRUE,32.8,C,17,91,F,18,"http://www.accuweather.com/en/in/lucknow/206678/current-weather/206678?lang=en-us","http://www.accuweather.com/en/in/lucknow/206678/current-weather/206678?lang=en-us"
"2021-08-28T13:26:00+05:30",1630137360,"Cloudy", 7,FALSE,NA,TRUE,32.8,C,17,91,F,18,"http://www.accuweather.com/en/in/lucknow/206678/current-weather/206678?lang=en-us","http://www.accuweather.com/en/in/lucknow/206678/current-weather/206678?lang=en-us"
"2021-08-28T12:25:00+05:30",1630133700,"Cloudy", 7,FALSE,NA,TRUE,32.2,C,17,90,F,18,"http://www.accuweather.com/en/in/lucknow/206678/current-weather/206678?lang=en-us","http://www.accuweather.com/en/in/lucknow/206678/current-weather/206678?lang=en-us"
"2021-08-28T11:25:00+05:30",1630130100,"Light fog",11,FALSE,NA,TRUE,31.1,C,17,88,F,18,"http://www.accuweather.com/en/in/lucknow/206678/current-weather/206678?lang=en-us","http://www.accuweather.com/en/in/lucknow/206678/current-weather/206678?lang=en-us"
"2021-08-28T10:25:00+05:30",1630126500,"Light fog",11,FALSE,NA,TRUE,30.0,C,17,86,F,18,"http://www.accuweather.com/en/in/lucknow/206678/current-weather/206678?lang=en-us","http://www.accuweather.com/en/in/lucknow/206678/current-weather/206678?lang=en-us"
"2021-08-28T09:25:00+05:30",1630122900,"Light fog",11,FALSE,NA,TRUE,28.9,C,17,84,F,18,"http://www.accuweather.com/en/in/lucknow/206678/current-weather/206678?lang=en-us","http://www.accuweather.com/en/in/lucknow/206678/current-weather/206678?lang=en-us"
"2021-08-28T08:25:00+05:30",1630119300,"Light fog",11,FALSE,NA,TRUE,27.2,C,17,81,F,18,"http://www.accuweather.com/en/in/lucknow/206678/current-weather/206678?lang=en-us","http://www.accuweather.com/en/in/lucknow/206678/current-weather/206678?lang=en-us"
"2021-08-28T07:25:00+05:30",1630115700,"Light fog",11,FALSE,NA,TRUE,26.1,C,17,79,F,18,"http://www.accuweather.com/en/in/lucknow/206678/current-weather/206678?lang=en-us","http://www.accuweather.com/en/in/lucknow/206678/current-weather/206678?lang=en-us"
"2021-08-28T06:25:00+05:30",1630112100,"Light fog",11,FALSE,NA,TRUE,26.1,C,17,79,F,18,"http://www.accuweather.com/en/in/lucknow/206678/current-weather/206678?lang=en-us","http://www.accuweather.com/en/in/lucknow/206678/current-weather/206678?lang=en-us"
"2021-08-28T05:25:00+05:30",1630108500,"Light fog",11,FALSE,NA,FALSE,26.1,C,17,79,F,18,"http://www.accuweather.com/en/in/lucknow/206678/current-weather/206678?lang=en-us","http://www.accuweather.com/en/in/lucknow/206678/current-weather/206678?lang=en-us"
"2021-08-28T04:25:00+05:30",1630104900,"Light fog",11,FALSE,NA,FALSE,26.1,C,17,79,F,18,"http://www.accuweather.com/en/in/lucknow/206678/current-weather/206678?lang=en-us","http://www.accuweather.com/en/in/lucknow/206678/current-weather/206678?lang=en-us"
"2021-08-28T03:25:00+05:30",1630101300,"Light fog",11,FALSE,NA,FALSE,26.1,C,17,79,F,18,"http://www.accuweather.com/en/in/lucknow/206678/current-weather/206678?lang=en-us","http://www.accuweather.com/en/in/lucknow/206678/current-weather/206678?lang=en-us"
"2021-08-28T02:25:00+05:30",1630097700,"Light fog",11,FALSE,NA,FALSE,27.2,C,17,81,F,18,"http://www.accuweather.com/en/in/lucknow/206678/current-weather/206678?lang=en-us","http://www.accuweather.com/en/in/lucknow/206678/current-weather/206678?lang=en-us"
"2021-08-28T01:25:00+05:30",1630094100,"Light fog",11,FALSE,NA,FALSE,27.2,C,17,81,F,18,"http://www.accuweather.com/en/in/lucknow/206678/current-weather/206678?lang=en-us","http://www.accuweather.com/en/in/lucknow/206678/current-weather/206678?lang=en-us"
"2021-08-28T00:25:00+05:30",1630090500,"Light fog",11,FALSE,NA,FALSE,27.2,C,17,81,F,18,"http://www.accuweather.com/en/in/lucknow/206678/current-weather/206678?lang=en-us","http://www.accuweather.com/en/in/lucknow/206678/current-weather/206678?lang=en-us"
"2021-08-27T23:25:00+05:30",1630086900,"Light fog",11,FALSE,NA,FALSE,27.8,C,17,82,F,18,"http://www.accuweather.com/en/in/lucknow/206678/current-weather/206678?lang=en-us","http://www.accuweather.com/en/in/lucknow/206678/current-weather/206678?lang=en-us"
"2021-08-27T22:25:00+05:30",1630083300,"Light fog",11,FALSE,NA,FALSE,27.8,C,17,82,F,18,"http://www.accuweather.com/en/in/lucknow/206678/current-weather/206678?lang=en-us","http://www.accuweather.com/en/in/lucknow/206678/current-weather/206678?lang=en-us"
"2021-08-27T21:25:00+05:30",1630079700,"Light fog",11,FALSE,NA,FALSE,28.9,C,17,84,F,18,"http://www.accuweather.com/en/in/lucknow/206678/current-weather/206678?lang=en-us","http://www.accuweather.com/en/in/lucknow/206678/current-weather/206678?lang=en-us"
"2021-08-27T20:25:00+05:30",1630076100,"Light fog",11,FALSE,NA,FALSE,28.9,C,17,84,F,18,"http://www.accuweather.com/en/in/lucknow/206678/current-weather/206678?lang=en-us","http://www.accuweather.com/en/in/lucknow/206678/current-weather/206678?lang=en-us"
"2021-08-27T19:25:00+05:30",1630072500,"Light fog",11,FALSE,NA,FALSE,28.9,C,17,84,F,18,"http://www.accuweather.com/en/in/lucknow/206678/current-weather/206678?lang=en-us","http://www.accuweather.com/en/in/lucknow/206678/current-weather/206678?lang=en-us"
"2021-08-27T18:26:00+05:30",1630068960,"Light fog",11,FALSE,NA,TRUE,30.0,C,17,86,F,18,"http://www.accuweather.com/en/in/lucknow/206678/current-weather/206678?lang=en-us","http://www.accuweather.com/en/in/lucknow/206678/current-weather/206678?lang=en-us"
"2021-08-27T17:25:00+05:30",1630065300,"Cloudy", 7,FALSE,NA,TRUE,31.1,C,17,88,F,18,"http://www.accuweather.com/en/in/lucknow/206678/current-weather/206678?lang=en-us","http://www.accuweather.com/en/in/lucknow/206678/current-weather/206678?lang=en-us"
"2021-08-27T16:26:00+05:30",1630061760,"Cloudy", 7,FALSE,NA,TRUE,31.1,C,17,88,F,18,"http://www.accuweather.com/en/in/lucknow/206678/current-weather/206678?lang=en-us","http://www.accuweather.com/en/in/lucknow/206678/current-weather/206678?lang=en-us"
"2021-08-27T15:26:00+05:30",1630058160,"Cloudy", 7,FALSE,NA,TRUE,32.2,C,17,90,F,18,"http://www.accuweather.com/en/in/lucknow/206678/current-weather/206678?lang=en-us","http://www.accuweather.com/en/in/lucknow/206678/current-weather/206678?lang=en-us"
"2021-08-29T14:25:00+05:30",1630227300,"Light fog",11,FALSE,NA,TRUE,27.8,C,17,82,F,18,"http://www.accuweather.com/en/in/lucknow/206678/current-weather/206678?lang=en-us","http://www.accuweather.com/en/in/lucknow/206678/current-weather/206678?lang=en-us"
"2021-08-29T13:25:00+05:30",1630223700,"Light fog",11,FALSE,NA,TRUE,27.2,C,17,81,F,18,"http://www.accuweather.com/en/in/lucknow/206678/current-weather/206678?lang=en-us","http://www.accuweather.com/en/in/lucknow/206678/current-weather/206678?lang=en-us"
"2021-08-29T12:25:00+05:30",1630220100,"Thundershower",15,TRUE,"Rain",TRUE,25.0,C,17,77,F,18,"http://www.accuweather.com/en/in/lucknow/206678/current-weather/206678?lang=en-us","http://www.accuweather.com/en/in/lucknow/206678/current-weather/206678?lang=en-us"
"2021-08-29T11:25:00+05:30",1630216500,"Thundershower",17,TRUE,"Rain",TRUE,30.0,C,17,86,F,18,"http://www.accuweather.com/en/in/lucknow/206678/current-weather/206678?lang=en-us","http://www.accuweather.com/en/in/lucknow/206678/current-weather/206678?lang=en-us"
"2021-08-29T10:25:00+05:30",1630212900,"Light fog",11,FALSE,NA,TRUE,30.0,C,17,86,F,18,"http://www.accuweather.com/en/in/lucknow/206678/current-weather/206678?lang=en-us","http://www.accuweather.com/en/in/lucknow/206678/current-weather/206678?lang=en-us"
"2021-08-29T09:25:00+05:30",1630209300,"Light fog",11,FALSE,NA,TRUE,30.0,C,17,86,F,18,"http://www.accuweather.com/en/in/lucknow/206678/current-weather/206678?lang=en-us","http://www.accuweather.com/en/in/lucknow/206678/current-weather/206678?lang=en-us"
"2021-08-29T08:25:00+05:30",1630205700,"Light fog",11,FALSE,NA,TRUE,28.9,C,17,84,F,18,"http://www.accuweather.com/en/in/lucknow/206678/current-weather/206678?lang=en-us","http://www.accuweather.com/en/in/lucknow/206678/current-weather/206678?lang=en-us"
"2021-08-29T07:25:00+05:30",1630202100,"Light fog",11,FALSE,NA,TRUE,27.2,C,17,81,F,18,"http://www.accuweather.com/en/in/lucknow/206678/current-weather/206678?lang=en-us","http://www.accuweather.com/en/in/lucknow/206678/current-weather/206678?lang=en-us"
"2021-08-29T06:25:00+05:30",1630198500,"Light fog",11,FALSE,NA,TRUE,26.1,C,17,79,F,18,"http://www.accuweather.com/en/in/lucknow/206678/current-weather/206678?lang=en-us","http://www.accuweather.com/en/in/lucknow/206678/current-weather/206678?lang=en-us"
"2021-08-29T05:26:00+05:30",1630194960,"Light fog",11,FALSE,NA,FALSE,26.1,C,17,79,F,18,"http://www.accuweather.com/en/in/lucknow/206678/current-weather/206678?lang=en-us","http://www.accuweather.com/en/in/lucknow/206678/current-weather/206678?lang=en-us"
"2021-08-29T04:26:00+05:30",1630191360,"Light fog",11,FALSE,NA,FALSE,26.1,C,17,79,F,18,"http://www.accuweather.com/en/in/lucknow/206678/current-weather/206678?lang=en-us","http://www.accuweather.com/en/in/lucknow/206678/current-weather/206678?lang=en-us"
"2021-08-29T03:26:00+05:30",1630187760,"Light fog",11,FALSE,NA,FALSE,27.2,C,17,81,F,18,"http://www.accuweather.com/en/in/lucknow/206678/current-weather/206678?lang=en-us","http://www.accuweather.com/en/in/lucknow/206678/current-weather/206678?lang=en-us"
"2021-08-29T02:26:00+05:30",1630184160,"Light fog",11,FALSE,NA,FALSE,27.2,C,17,81,F,18,"http://www.accuweather.com/en/in/lucknow/206678/current-weather/206678?lang=en-us","http://www.accuweather.com/en/in/lucknow/206678/current-weather/206678?lang=en-us"
"2021-08-29T01:26:00+05:30",1630180560,"Light fog",11,FALSE,NA,FALSE,27.2,C,17,81,F,18,"http://www.accuweather.com/en/in/lucknow/206678/current-weather/206678?lang=en-us","http://www.accuweather.com/en/in/lucknow/206678/current-weather/206678?lang=en-us"
"2021-08-29T00:25:00+05:30",1630176900,"Light fog",11,FALSE,NA,FALSE,27.8,C,17,82,F,18,"http://www.accuweather.com/en/in/lucknow/206678/current-weather/206678?lang=en-us","http://www.accuweather.com/en/in/lucknow/206678/current-weather/206678?lang=en-us"
"2021-08-28T23:26:00+05:30",1630173360,"Light fog",11,FALSE,NA,FALSE,27.8,C,17,82,F,18,"http://www.accuweather.com/en/in/lucknow/206678/current-weather/206678?lang=en-us","http://www.accuweather.com/en/in/lucknow/206678/current-weather/206678?lang=en-us"
"2021-08-28T22:26:00+05:30",1630169760,"Light fog",11,FALSE,NA,FALSE,27.8,C,17,82,F,18,"http://www.accuweather.com/en/in/lucknow/206678/current-weather/206678?lang=en-us","http://www.accuweather.com/en/in/lucknow/206678/current-weather/206678?lang=en-us"
"2021-08-28T21:26:00+05:30",1630166160,"Light fog",11,FALSE,NA,FALSE,27.8,C,17,82,F,18,"http://www.accuweather.com/en/in/lucknow/206678/current-weather/206678?lang=en-us","http://www.accuweather.com/en/in/lucknow/206678/current-weather/206678?lang=en-us"
"2021-08-28T20:26:00+05:30",1630162560,"Light fog",11,FALSE,NA,FALSE,27.8,C,17,82,F,18,"http://www.accuweather.com/en/in/lucknow/206678/current-weather/206678?lang=en-us","http://www.accuweather.com/en/in/lucknow/206678/current-weather/206678?lang=en-us"
"2021-08-28T19:26:00+05:30",1630158960,"Light fog",11,FALSE,NA,FALSE,27.2,C,17,81,F,18,"http://www.accuweather.com/en/in/lucknow/206678/current-weather/206678?lang=en-us","http://www.accuweather.com/en/in/lucknow/206678/current-weather/206678?lang=en-us"
"2021-08-28T18:25:00+05:30",1630155300,"Light fog",11,FALSE,NA,TRUE,27.8,C,17,82,F,18,"http://www.accuweather.com/en/in/lucknow/206678/current-weather/206678?lang=en-us","http://www.accuweather.com/en/in/lucknow/206678/current-weather/206678?lang=en-us"
"2021-08-28T17:25:00+05:30",1630151700,"Light fog",11,FALSE,NA,TRUE,27.2,C,17,81,F,18,"http://www.accuweather.com/en/in/lucknow/206678/current-weather/206678?lang=en-us","http://www.accuweather.com/en/in/lucknow/206678/current-weather/206678?lang=en-us"
"2021-08-28T16:26:00+05:30",1630148160,"Light fog",11,FALSE,NA,TRUE,27.2,C,17,81,F,18,"http://www.accuweather.com/en/in/lucknow/206678/current-weather/206678?lang=en-us","http://www.accuweather.com/en/in/lucknow/206678/current-weather/206678?lang=en-us"
"2021-08-28T15:25:00+05:30",1630144500,"Rain",18,TRUE,"Rain",TRUE,25.0,C,17,77,F,18,"http://www.accuweather.com/en/in/lucknow/206678/current-weather/206678?lang=en-us","http://www.accuweather.com/en/in/lucknow/206678/current-weather/206678?lang=en-us"
"2021-08-30T15:26:00+05:30",1630317360,"Light fog",11,FALSE,NA,TRUE,30.0,C,17,86,F,18,"http://www.accuweather.com/en/in/lucknow/206678/current-weather/206678?lang=en-us","http://www.accuweather.com/en/in/lucknow/206678/current-weather/206678?lang=en-us"
"2021-08-30T14:26:00+05:30",1630313760,"Light fog",11,FALSE,NA,TRUE,31.1,C,17,88,F,18,"http://www.accuweather.com/en/in/lucknow/206678/current-weather/206678?lang=en-us","http://www.accuweather.com/en/in/lucknow/206678/current-weather/206678?lang=en-us"
"2021-08-30T13:26:00+05:30",1630310160,"Light fog",11,FALSE,NA,TRUE,30.0,C,17,86,F,18,"http://www.accuweather.com/en/in/lucknow/206678/current-weather/206678?lang=en-us","http://www.accuweather.com/en/in/lucknow/206678/current-weather/206678?lang=en-us"
"2021-08-30T12:26:00+05:30",1630306560,"Light fog",11,FALSE,NA,TRUE,30.0,C,17,86,F,18,"http://www.accuweather.com/en/in/lucknow/206678/current-weather/206678?lang=en-us","http://www.accuweather.com/en/in/lucknow/206678/current-weather/206678?lang=en-us"
"2021-08-30T11:25:00+05:30",1630302900,"Light fog",11,FALSE,NA,TRUE,28.9,C,17,84,F,18,"http://www.accuweather.com/en/in/lucknow/206678/current-weather/206678?lang=en-us","http://www.accuweather.com/en/in/lucknow/206678/current-weather/206678?lang=en-us"
"2021-08-30T10:26:00+05:30",1630299360,"Light fog",11,FALSE,NA,TRUE,27.8,C,17,82,F,18,"http://www.accuweather.com/en/in/lucknow/206678/current-weather/206678?lang=en-us","http://www.accuweather.com/en/in/lucknow/206678/current-weather/206678?lang=en-us"
"2021-08-30T09:26:00+05:30",1630295760,"Light fog",11,FALSE,NA,TRUE,27.2,C,17,81,F,18,"http://www.accuweather.com/en/in/lucknow/206678/current-weather/206678?lang=en-us","http://www.accuweather.com/en/in/lucknow/206678/current-weather/206678?lang=en-us"
"2021-08-30T08:25:00+05:30",1630292100,"Light fog",11,FALSE,NA,TRUE,27.2,C,17,81,F,18,"http://www.accuweather.com/en/in/lucknow/206678/current-weather/206678?lang=en-us","http://www.accuweather.com/en/in/lucknow/206678/current-weather/206678?lang=en-us"
"2021-08-30T07:25:00+05:30",1630288500,"Light fog",11,FALSE,NA,TRUE,26.1,C,17,79,F,18,"http://www.accuweather.com/en/in/lucknow/206678/current-weather/206678?lang=en-us","http://www.accuweather.com/en/in/lucknow/206678/current-weather/206678?lang=en-us"
"2021-08-30T06:25:00+05:30",1630284900,"Light fog",11,FALSE,NA,TRUE,26.1,C,17,79,F,18,"http://www.accuweather.com/en/in/lucknow/206678/current-weather/206678?lang=en-us","http://www.accuweather.com/en/in/lucknow/206678/current-weather/206678?lang=en-us"
"2021-08-30T05:25:00+05:30",1630281300,"Light fog",11,FALSE,NA,FALSE,26.1,C,17,79,F,18,"http://www.accuweather.com/en/in/lucknow/206678/current-weather/206678?lang=en-us","http://www.accuweather.com/en/in/lucknow/206678/current-weather/206678?lang=en-us"
"2021-08-30T04:25:00+05:30",1630277700,"Cloudy", 7,FALSE,NA,FALSE,28.4,C,17,83,F,18,"http://www.accuweather.com/en/in/lucknow/206678/current-weather/206678?lang=en-us","http://www.accuweather.com/en/in/lucknow/206678/current-weather/206678?lang=en-us"
"2021-08-30T03:25:00+05:30",1630274100,"Rain",18,TRUE,"Rain",FALSE,26.1,C,17,79,F,18,"http://www.accuweather.com/en/in/lucknow/206678/current-weather/206678?lang=en-us","http://www.accuweather.com/en/in/lucknow/206678/current-weather/206678?lang=en-us"
"2021-08-30T02:25:00+05:30",1630270500,"Light fog",11,FALSE,NA,FALSE,26.1,C,17,79,F,18,"http://www.accuweather.com/en/in/lucknow/206678/current-weather/206678?lang=en-us","http://www.accuweather.com/en/in/lucknow/206678/current-weather/206678?lang=en-us"
"2021-08-30T01:26:00+05:30",1630266960,"Light fog",11,FALSE,NA,FALSE,27.2,C,17,81,F,18,"http://www.accuweather.com/en/in/lucknow/206678/current-weather/206678?lang=en-us","http://www.accuweather.com/en/in/lucknow/206678/current-weather/206678?lang=en-us"
"2021-08-30T00:26:00+05:30",1630263360,"Light fog",11,FALSE,NA,FALSE,27.2,C,17,81,F,18,"http://www.accuweather.com/en/in/lucknow/206678/current-weather/206678?lang=en-us","http://www.accuweather.com/en/in/lucknow/206678/current-weather/206678?lang=en-us"
"2021-08-29T23:26:00+05:30",1630259760,"Light fog",11,FALSE,NA,FALSE,27.2,C,17,81,F,18,"http://www.accuweather.com/en/in/lucknow/206678/current-weather/206678?lang=en-us","http://www.accuweather.com/en/in/lucknow/206678/current-weather/206678?lang=en-us"
"2021-08-29T22:25:00+05:30",1630256100,"Light fog",11,FALSE,NA,FALSE,27.2,C,17,81,F,18,"http://www.accuweather.com/en/in/lucknow/206678/current-weather/206678?lang=en-us","http://www.accuweather.com/en/in/lucknow/206678/current-weather/206678?lang=en-us"
"2021-08-29T21:26:00+05:30",1630252560,"Light fog",11,FALSE,NA,FALSE,27.2,C,17,81,F,18,"http://www.accuweather.com/en/in/lucknow/206678/current-weather/206678?lang=en-us","http://www.accuweather.com/en/in/lucknow/206678/current-weather/206678?lang=en-us"
"2021-08-29T20:26:00+05:30",1630248960,"Light fog",11,FALSE,NA,FALSE,27.2,C,17,81,F,18,"http://www.accuweather.com/en/in/lucknow/206678/current-weather/206678?lang=en-us","http://www.accuweather.com/en/in/lucknow/206678/current-weather/206678?lang=en-us"
"2021-08-29T19:25:00+05:30",1630245300,"Light fog",11,FALSE,NA,FALSE,27.2,C,17,81,F,18,"http://www.accuweather.com/en/in/lucknow/206678/current-weather/206678?lang=en-us","http://www.accuweather.com/en/in/lucknow/206678/current-weather/206678?lang=en-us"
"2021-08-29T18:25:00+05:30",1630241700,"Light fog",11,FALSE,NA,TRUE,27.8,C,17,82,F,18,"http://www.accuweather.com/en/in/lucknow/206678/current-weather/206678?lang=en-us","http://www.accuweather.com/en/in/lucknow/206678/current-weather/206678?lang=en-us"
"2021-08-29T17:25:00+05:30",1630238100,"Light fog",11,FALSE,NA,TRUE,27.8,C,17,82,F,18,"http://www.accuweather.com/en/in/lucknow/206678/current-weather/206678?lang=en-us","http://www.accuweather.com/en/in/lucknow/206678/current-weather/206678?lang=en-us"
"2021-08-29T16:26:00+05:30",1630234560,"Light fog",11,FALSE,NA,TRUE,27.8,C,17,82,F,18,"http://www.accuweather.com/en/in/lucknow/206678/current-weather/206678?lang=en-us","http://www.accuweather.com/en/in/lucknow/206678/current-weather/206678?lang=en-us"
"2021-09-02T08:10:00+05:30",1630550400,"Light fog",11,FALSE,NA,TRUE,31.1,C,17,88,F,18,"http://www.accuweather.com/en/in/lucknow/206678/current-weather/206678?lang=en-us","http://www.accuweather.com/en/in/lucknow/206678/current-weather/206678?lang=en-us"
"2021-09-02T07:26:00+05:30",1630547760,"Light fog",11,FALSE,NA,TRUE,28.9,C,17,84,F,18,"http://www.accuweather.com/en/in/lucknow/206678/current-weather/206678?lang=en-us","http://www.accuweather.com/en/in/lucknow/206678/current-weather/206678?lang=en-us"
"2021-09-02T06:26:00+05:30",1630544160,"Light fog",11,FALSE,NA,TRUE,27.2,C,17,81,F,18,"http://www.accuweather.com/en/in/lucknow/206678/current-weather/206678?lang=en-us","http://www.accuweather.com/en/in/lucknow/206678/current-weather/206678?lang=en-us"
"2021-09-02T05:25:00+05:30",1630540500,"Light fog",11,FALSE,NA,FALSE,27.2,C,17,81,F,18,"http://www.accuweather.com/en/in/lucknow/206678/current-weather/206678?lang=en-us","http://www.accuweather.com/en/in/lucknow/206678/current-weather/206678?lang=en-us"
"2021-09-02T04:26:00+05:30",1630536960,"Light fog",11,FALSE,NA,FALSE,27.2,C,17,81,F,18,"http://www.accuweather.com/en/in/lucknow/206678/current-weather/206678?lang=en-us","http://www.accuweather.com/en/in/lucknow/206678/current-weather/206678?lang=en-us"
"2021-09-02T03:26:00+05:30",1630533360,"Light fog",11,FALSE,NA,FALSE,27.2,C,17,81,F,18,"http://www.accuweather.com/en/in/lucknow/206678/current-weather/206678?lang=en-us","http://www.accuweather.com/en/in/lucknow/206678/current-weather/206678?lang=en-us"
"2021-09-02T02:26:00+05:30",1630529760,"Light fog",11,FALSE,NA,FALSE,27.8,C,17,82,F,18,"http://www.accuweather.com/en/in/lucknow/206678/current-weather/206678?lang=en-us","http://www.accuweather.com/en/in/lucknow/206678/current-weather/206678?lang=en-us"
"2021-09-02T01:26:00+05:30",1630526160,"Light fog",11,FALSE,NA,FALSE,27.8,C,17,82,F,18,"http://www.accuweather.com/en/in/lucknow/206678/current-weather/206678?lang=en-us","http://www.accuweather.com/en/in/lucknow/206678/current-weather/206678?lang=en-us"
"2021-09-02T00:25:00+05:30",1630522500,"Light fog",11,FALSE,NA,FALSE,27.8,C,17,82,F,18,"http://www.accuweather.com/en/in/lucknow/206678/current-weather/206678?lang=en-us","http://www.accuweather.com/en/in/lucknow/206678/current-weather/206678?lang=en-us"
"2021-09-01T23:25:00+05:30",1630518900,"Light fog",11,FALSE,NA,FALSE,27.8,C,17,82,F,18,"http://www.accuweather.com/en/in/lucknow/206678/current-weather/206678?lang=en-us","http://www.accuweather.com/en/in/lucknow/206678/current-weather/206678?lang=en-us"
"2021-09-01T22:25:00+05:30",1630515300,"Light fog",11,FALSE,NA,FALSE,28.9,C,17,84,F,18,"http://www.accuweather.com/en/in/lucknow/206678/current-weather/206678?lang=en-us","http://www.accuweather.com/en/in/lucknow/206678/current-weather/206678?lang=en-us"
"2021-09-01T21:26:00+05:30",1630511760,"Light fog",11,FALSE,NA,FALSE,30.0,C,17,86,F,18,"http://www.accuweather.com/en/in/lucknow/206678/current-weather/206678?lang=en-us","http://www.accuweather.com/en/in/lucknow/206678/current-weather/206678?lang=en-us"
"2021-09-01T20:25:00+05:30",1630508100,"Light fog",11,FALSE,NA,FALSE,28.9,C,17,84,F,18,"http://www.accuweather.com/en/in/lucknow/206678/current-weather/206678?lang=en-us","http://www.accuweather.com/en/in/lucknow/206678/current-weather/206678?lang=en-us"
"2021-09-01T19:25:00+05:30",1630504500,"Light fog",11,FALSE,NA,FALSE,30.0,C,17,86,F,18,"http://www.accuweather.com/en/in/lucknow/206678/current-weather/206678?lang=en-us","http://www.accuweather.com/en/in/lucknow/206678/current-weather/206678?lang=en-us"
"2021-09-01T18:25:00+05:30",1630500900,"Mostly cloudy", 6,FALSE,NA,TRUE,31.1,C,17,88,F,18,"http://www.accuweather.com/en/in/lucknow/206678/current-weather/206678?lang=en-us","http://www.accuweather.com/en/in/lucknow/206678/current-weather/206678?lang=en-us"
"2021-09-01T17:25:00+05:30",1630497300,"Partly sunny", 3,FALSE,NA,TRUE,33.9,C,17,93,F,18,"http://www.accuweather.com/en/in/lucknow/206678/current-weather/206678?lang=en-us","http://www.accuweather.com/en/in/lucknow/206678/current-weather/206678?lang=en-us"
"2021-09-01T16:25:00+05:30",1630493700,"Partly sunny", 3,FALSE,NA,TRUE,35.0,C,17,95,F,18,"http://www.accuweather.com/en/in/lucknow/206678/current-weather/206678?lang=en-us","http://www.accuweather.com/en/in/lucknow/206678/current-weather/206678?lang=en-us"
"2021-09-01T15:25:00+05:30",1630490100,"Partly sunny", 3,FALSE,NA,TRUE,33.9,C,17,93,F,18,"http://www.accuweather.com/en/in/lucknow/206678/current-weather/206678?lang=en-us","http://www.accuweather.com/en/in/lucknow/206678/current-weather/206678?lang=en-us"
"2021-09-01T14:25:00+05:30",1630486500,"Partly sunny", 3,FALSE,NA,TRUE,35.0,C,17,95,F,18,"http://www.accuweather.com/en/in/lucknow/206678/current-weather/206678?lang=en-us","http://www.accuweather.com/en/in/lucknow/206678/current-weather/206678?lang=en-us"
"2021-09-01T13:26:00+05:30",1630482960,"Partly sunny", 3,FALSE,NA,TRUE,33.9,C,17,93,F,18,"http://www.accuweather.com/en/in/lucknow/206678/current-weather/206678?lang=en-us","http://www.accuweather.com/en/in/lucknow/206678/current-weather/206678?lang=en-us"
"2021-09-01T12:26:00+05:30",1630479360,"Partly sunny", 3,FALSE,NA,TRUE,32.8,C,17,91,F,18,"http://www.accuweather.com/en/in/lucknow/206678/current-weather/206678?lang=en-us","http://www.accuweather.com/en/in/lucknow/206678/current-weather/206678?lang=en-us"
"2021-09-01T11:26:00+05:30",1630475760,"Partly sunny", 3,FALSE,NA,TRUE,32.8,C,17,91,F,18,"http://www.accuweather.com/en/in/lucknow/206678/current-weather/206678?lang=en-us","http://www.accuweather.com/en/in/lucknow/206678/current-weather/206678?lang=en-us"
"2021-09-01T10:25:00+05:30",1630472100,"Partly sunny", 3,FALSE,NA,TRUE,32.2,C,17,90,F,18,"http://www.accuweather.com/en/in/lucknow/206678/current-weather/206678?lang=en-us","http://www.accuweather.com/en/in/lucknow/206678/current-weather/206678?lang=en-us"
"2021-09-01T09:41:00+05:30",1630469460,"Partly sunny", 3,FALSE,NA,TRUE,31.1,C,17,88,F,18,"http://www.accuweather.com/en/in/lucknow/206678/current-weather/206678?lang=en-us","http://www.accuweather.com/en/in/lucknow/206678/current-weather/206678?lang=en-us"
